control_variant,control_role,control_columns,outcome,horizon,beta,se,lower95,upper95,n,spec_name,shock_column,shock_scale,response_type
headline_lagged_macro,headline,lag_tdc_bank_only_qoq|lag_fedfunds|lag_unemployment|lag_inflation,total_deposits_bank_qoq,0,46.46053662919742,21.936358412025733,3.4652741416269848,89.45579911676785,68,control_sensitivity,tdc_residual_z,rolling_oos_standard_deviation,cumulative_sum_h0_to_h
headline_lagged_macro,headline,lag_tdc_bank_only_qoq|lag_fedfunds|lag_unemployment|lag_inflation,total_deposits_bank_qoq,1,86.29608869329637,52.287424166740124,-16.18726267351427,188.779440060107,67,control_sensitivity,tdc_residual_z,rolling_oos_standard_deviation,cumulative_sum_h0_to_h
headline_lagged_macro,headline,lag_tdc_bank_only_qoq|lag_fedfunds|lag_unemployment|lag_inflation,total_deposits_bank_qoq,2,103.11934093173717,61.75760806077418,-17.92557086738023,224.16425273085457,66,control_sensitivity,tdc_residual_z,rolling_oos_standard_deviation,cumulative_sum_h0_to_h
headline_lagged_macro,headline,lag_tdc_bank_only_qoq|lag_fedfunds|lag_unemployment|lag_inflation,total_deposits_bank_qoq,3,126.3158425610861,72.67767087562203,-16.132392355133078,268.76407747730525,65,control_sensitivity,tdc_residual_z,rolling_oos_standard_deviation,cumulative_sum_h0_to_h
headline_lagged_macro,headline,lag_tdc_bank_only_qoq|lag_fedfunds|lag_unemployment|lag_inflation,total_deposits_bank_qoq,4,142.30410309715606,92.45580638597868,-38.909277419362155,323.51748361367424,64,control_sensitivity,tdc_residual_z,rolling_oos_standard_deviation,cumulative_sum_h0_to_h
headline_lagged_macro,headline,lag_tdc_bank_only_qoq|lag_fedfunds|lag_unemployment|lag_inflation,total_deposits_bank_qoq,5,113.54219579622348,99.59303553104833,-81.66015384463124,308.7445454370782,63,control_sensitivity,tdc_residual_z,rolling_oos_standard_deviation,cumulative_sum_h0_to_h
headline_lagged_macro,headline,lag_tdc_bank_only_qoq|lag_fedfunds|lag_unemployment|lag_inflation,total_deposits_bank_qoq,6,84.79965745718876,105.40382626279116,-121.7918420178819,291.39115693225943,62,control_sensitivity,tdc_residual_z,rolling_oos_standard_deviation,cumulative_sum_h0_to_h
headline_lagged_macro,headline,lag_tdc_bank_only_qoq|lag_fedfunds|lag_unemployment|lag_inflation,total_deposits_bank_qoq,7,83.71135032241025,113.47645048993488,-138.7024926378621,306.12519328268263,61,control_sensitivity,tdc_residual_z,rolling_oos_standard_deviation,cumulative_sum_h0_to_h
headline_lagged_macro,headline,lag_tdc_bank_only_qoq|lag_fedfunds|lag_unemployment|lag_inflation,total_deposits_bank_qoq,8,83.51619577931737,119.4365054718626,-150.57935494553334,317.6117465041681,60,control_sensitivity,tdc_residual_z,rolling_oos_standard_deviation,cumulative_sum_h0_to_h
headline_lagged_macro,headline,lag_tdc_bank_only_qoq|lag_fedfunds|lag_unemployment|lag_inflation,other_component_qoq,0,-81.17833439216729,20.082089282921796,-120.539229386694,-41.81743939764057,68,control_sensitivity,tdc_residual_z,rolling_oos_standard_deviation,cumulative_sum_h0_to_h
headline_lagged_macro,headline,lag_tdc_bank_only_qoq|lag_fedfunds|lag_unemployment|lag_inflation,other_component_qoq,1,-88.82606789492503,46.78564064354276,-180.52592355626885,2.8737877664187863,67,control_sensitivity,tdc_residual_z,rolling_oos_standard_deviation,cumulative_sum_h0_to_h
headline_lagged_macro,headline,lag_tdc_bank_only_qoq|lag_fedfunds|lag_unemployment|lag_inflation,other_component_qoq,2,-123.69489944670921,54.00047670443744,-229.5358337874066,-17.85396510601184,66,control_sensitivity,tdc_residual_z,rolling_oos_standard_deviation,cumulative_sum_h0_to_h
headline_lagged_macro,headline,lag_tdc_bank_only_qoq|lag_fedfunds|lag_unemployment|lag_inflation,other_component_qoq,3,-79.53645463467396,53.33331965503737,-184.0697611585472,24.99685188919929,65,control_sensitivity,tdc_residual_z,rolling_oos_standard_deviation,cumulative_sum_h0_to_h
headline_lagged_macro,headline,lag_tdc_bank_only_qoq|lag_fedfunds|lag_unemployment|lag_inflation,other_component_qoq,4,-100.99420217322478,48.95277771700602,-196.94164649855657,-5.046757847892977,64,control_sensitivity,tdc_residual_z,rolling_oos_standard_deviation,cumulative_sum_h0_to_h
headline_lagged_macro,headline,lag_tdc_bank_only_qoq|lag_fedfunds|lag_unemployment|lag_inflation,other_component_qoq,5,-124.35531874302845,43.78055481644745,-210.16520618326544,-38.54543130279146,63,control_sensitivity,tdc_residual_z,rolling_oos_standard_deviation,cumulative_sum_h0_to_h
headline_lagged_macro,headline,lag_tdc_bank_only_qoq|lag_fedfunds|lag_unemployment|lag_inflation,other_component_qoq,6,-203.55104143815078,45.9911807271008,-293.69375566326835,-113.40832721303322,62,control_sensitivity,tdc_residual_z,rolling_oos_standard_deviation,cumulative_sum_h0_to_h
headline_lagged_macro,headline,lag_tdc_bank_only_qoq|lag_fedfunds|lag_unemployment|lag_inflation,other_component_qoq,7,-199.05341905551296,52.639318278612826,-302.2264828815941,-95.88035522943183,61,control_sensitivity,tdc_residual_z,rolling_oos_standard_deviation,cumulative_sum_h0_to_h
headline_lagged_macro,headline,lag_tdc_bank_only_qoq|lag_fedfunds|lag_unemployment|lag_inflation,other_component_qoq,8,-230.2431106659432,57.8314678492858,-343.59278765054336,-116.89343368134303,60,control_sensitivity,tdc_residual_z,rolling_oos_standard_deviation,cumulative_sum_h0_to_h
headline_lagged_macro,headline,lag_tdc_bank_only_qoq|lag_fedfunds|lag_unemployment|lag_inflation,bank_credit_private_qoq,0,14.021813174704516,13.400899759392601,-12.243950353704982,40.28757670311401,64,control_sensitivity,tdc_residual_z,rolling_oos_standard_deviation,cumulative_sum_h0_to_h
headline_lagged_macro,headline,lag_tdc_bank_only_qoq|lag_fedfunds|lag_unemployment|lag_inflation,bank_credit_private_qoq,1,20.471250446544758,15.63707677277266,-10.177420028089657,51.11992092117917,63,control_sensitivity,tdc_residual_z,rolling_oos_standard_deviation,cumulative_sum_h0_to_h
headline_lagged_macro,headline,lag_tdc_bank_only_qoq|lag_fedfunds|lag_unemployment|lag_inflation,bank_credit_private_qoq,2,21.900467527328786,13.76241757576267,-5.073870921166048,48.87480597582362,62,control_sensitivity,tdc_residual_z,rolling_oos_standard_deviation,cumulative_sum_h0_to_h
headline_lagged_macro,headline,lag_tdc_bank_only_qoq|lag_fedfunds|lag_unemployment|lag_inflation,bank_credit_private_qoq,3,38.66482689126488,16.24565401622888,6.823345019456276,70.50630876307349,61,control_sensitivity,tdc_residual_z,rolling_oos_standard_deviation,cumulative_sum_h0_to_h
headline_lagged_macro,headline,lag_tdc_bank_only_qoq|lag_fedfunds|lag_unemployment|lag_inflation,bank_credit_private_qoq,4,54.572977783498914,19.24512973374704,16.852523505354718,92.2934320616431,60,control_sensitivity,tdc_residual_z,rolling_oos_standard_deviation,cumulative_sum_h0_to_h
headline_lagged_macro,headline,lag_tdc_bank_only_qoq|lag_fedfunds|lag_unemployment|lag_inflation,bank_credit_private_qoq,5,68.53490048698211,25.0105408216994,19.514240476451285,117.55556049751294,59,control_sensitivity,tdc_residual_z,rolling_oos_standard_deviation,cumulative_sum_h0_to_h
headline_lagged_macro,headline,lag_tdc_bank_only_qoq|lag_fedfunds|lag_unemployment|lag_inflation,bank_credit_private_qoq,6,72.45004248666505,27.020815359461988,19.48924438211956,125.41084059121056,58,control_sensitivity,tdc_residual_z,rolling_oos_standard_deviation,cumulative_sum_h0_to_h
headline_lagged_macro,headline,lag_tdc_bank_only_qoq|lag_fedfunds|lag_unemployment|lag_inflation,bank_credit_private_qoq,7,82.00582631837767,30.40277751687982,22.416382385293225,141.59527025146213,57,control_sensitivity,tdc_residual_z,rolling_oos_standard_deviation,cumulative_sum_h0_to_h
headline_lagged_macro,headline,lag_tdc_bank_only_qoq|lag_fedfunds|lag_unemployment|lag_inflation,bank_credit_private_qoq,8,79.6870552422084,30.0419239929606,20.804884216005625,138.56922626841117,56,control_sensitivity,tdc_residual_z,rolling_oos_standard_deviation,cumulative_sum_h0_to_h
headline_lagged_macro,headline,lag_tdc_bank_only_qoq|lag_fedfunds|lag_unemployment|lag_inflation,cb_nonts_qoq,0,26.523641651135975,14.452809474715338,-1.8038649193060863,54.851148221578036,68,control_sensitivity,tdc_residual_z,rolling_oos_standard_deviation,cumulative_sum_h0_to_h
headline_lagged_macro,headline,lag_tdc_bank_only_qoq|lag_fedfunds|lag_unemployment|lag_inflation,cb_nonts_qoq,1,72.72049059929682,59.21228567969727,-43.33558933290982,188.77657053150347,67,control_sensitivity,tdc_residual_z,rolling_oos_standard_deviation,cumulative_sum_h0_to_h
headline_lagged_macro,headline,lag_tdc_bank_only_qoq|lag_fedfunds|lag_unemployment|lag_inflation,cb_nonts_qoq,2,93.01308087983362,73.31273732488934,-50.679884276949494,236.70604603661673,66,control_sensitivity,tdc_residual_z,rolling_oos_standard_deviation,cumulative_sum_h0_to_h
headline_lagged_macro,headline,lag_tdc_bank_only_qoq|lag_fedfunds|lag_unemployment|lag_inflation,cb_nonts_qoq,3,92.77847032181904,78.98017714101552,-62.022676874571374,247.57961751820946,65,control_sensitivity,tdc_residual_z,rolling_oos_standard_deviation,cumulative_sum_h0_to_h
headline_lagged_macro,headline,lag_tdc_bank_only_qoq|lag_fedfunds|lag_unemployment|lag_inflation,cb_nonts_qoq,4,109.21565891280892,89.44754513553232,-66.10152955283442,284.5328473784523,64,control_sensitivity,tdc_residual_z,rolling_oos_standard_deviation,cumulative_sum_h0_to_h
headline_lagged_macro,headline,lag_tdc_bank_only_qoq|lag_fedfunds|lag_unemployment|lag_inflation,cb_nonts_qoq,5,79.97659676468415,99.05782618155573,-114.17674255116508,274.12993608053335,63,control_sensitivity,tdc_residual_z,rolling_oos_standard_deviation,cumulative_sum_h0_to_h
headline_lagged_macro,headline,lag_tdc_bank_only_qoq|lag_fedfunds|lag_unemployment|lag_inflation,cb_nonts_qoq,6,46.718093249271504,93.61662154598584,-136.77048498086074,230.20667147940375,62,control_sensitivity,tdc_residual_z,rolling_oos_standard_deviation,cumulative_sum_h0_to_h
headline_lagged_macro,headline,lag_tdc_bank_only_qoq|lag_fedfunds|lag_unemployment|lag_inflation,cb_nonts_qoq,7,10.322875211657284,94.85084986063899,-175.58479051519512,196.23054093850968,61,control_sensitivity,tdc_residual_z,rolling_oos_standard_deviation,cumulative_sum_h0_to_h
headline_lagged_macro,headline,lag_tdc_bank_only_qoq|lag_fedfunds|lag_unemployment|lag_inflation,cb_nonts_qoq,8,25.151068626318896,94.31939068681434,-159.7149371198372,210.017074372475,60,control_sensitivity,tdc_residual_z,rolling_oos_standard_deviation,cumulative_sum_h0_to_h
headline_lagged_macro,headline,lag_tdc_bank_only_qoq|lag_fedfunds|lag_unemployment|lag_inflation,foreign_nonts_qoq,0,27.0343911579461,13.111973747146076,1.334922613539792,52.733859702352404,68,control_sensitivity,tdc_residual_z,rolling_oos_standard_deviation,cumulative_sum_h0_to_h
headline_lagged_macro,headline,lag_tdc_bank_only_qoq|lag_fedfunds|lag_unemployment|lag_inflation,foreign_nonts_qoq,1,24.54038207464727,13.04968252122605,-1.0369956669557894,50.11775981625033,67,control_sensitivity,tdc_residual_z,rolling_oos_standard_deviation,cumulative_sum_h0_to_h
headline_lagged_macro,headline,lag_tdc_bank_only_qoq|lag_fedfunds|lag_unemployment|lag_inflation,foreign_nonts_qoq,2,37.304008155556005,10.695119924283544,16.341573103960258,58.26644320715175,66,control_sensitivity,tdc_residual_z,rolling_oos_standard_deviation,cumulative_sum_h0_to_h
headline_lagged_macro,headline,lag_tdc_bank_only_qoq|lag_fedfunds|lag_unemployment|lag_inflation,foreign_nonts_qoq,3,31.99172977438502,10.234237703193351,11.932623876126055,52.050835672643984,65,control_sensitivity,tdc_residual_z,rolling_oos_standard_deviation,cumulative_sum_h0_to_h
headline_lagged_macro,headline,lag_tdc_bank_only_qoq|lag_fedfunds|lag_unemployment|lag_inflation,foreign_nonts_qoq,4,38.11141757510377,9.926775458602929,18.65493767624203,57.567897473965516,64,control_sensitivity,tdc_residual_z,rolling_oos_standard_deviation,cumulative_sum_h0_to_h
headline_lagged_macro,headline,lag_tdc_bank_only_qoq|lag_fedfunds|lag_unemployment|lag_inflation,foreign_nonts_qoq,5,30.15083400221347,11.459176208634883,7.6908486332891,52.61081937113784,63,control_sensitivity,tdc_residual_z,rolling_oos_standard_deviation,cumulative_sum_h0_to_h
headline_lagged_macro,headline,lag_tdc_bank_only_qoq|lag_fedfunds|lag_unemployment|lag_inflation,foreign_nonts_qoq,6,28.921038829717844,10.487487415971293,8.365563494414111,49.47651416502158,62,control_sensitivity,tdc_residual_z,rolling_oos_standard_deviation,cumulative_sum_h0_to_h
headline_lagged_macro,headline,lag_tdc_bank_only_qoq|lag_fedfunds|lag_unemployment|lag_inflation,foreign_nonts_qoq,7,23.715109828440077,10.916408960188106,2.3189482664713914,45.11127139040876,61,control_sensitivity,tdc_residual_z,rolling_oos_standard_deviation,cumulative_sum_h0_to_h
headline_lagged_macro,headline,lag_tdc_bank_only_qoq|lag_fedfunds|lag_unemployment|lag_inflation,foreign_nonts_qoq,8,31.305272756279713,13.000630066172441,5.82403782658173,56.786507685977696,60,control_sensitivity,tdc_residual_z,rolling_oos_standard_deviation,cumulative_sum_h0_to_h
headline_lagged_macro,headline,lag_tdc_bank_only_qoq|lag_fedfunds|lag_unemployment|lag_inflation,domestic_nonfinancial_mmf_reallocation_qoq,0,-14.977538562329684,11.828190798252104,-38.160792526903805,8.20571540224444,68,control_sensitivity,tdc_residual_z,rolling_oos_standard_deviation,cumulative_sum_h0_to_h
headline_lagged_macro,headline,lag_tdc_bank_only_qoq|lag_fedfunds|lag_unemployment|lag_inflation,domestic_nonfinancial_mmf_reallocation_qoq,1,-27.35492495858245,18.39184147002623,-63.40293423983386,8.693084322668959,67,control_sensitivity,tdc_residual_z,rolling_oos_standard_deviation,cumulative_sum_h0_to_h
headline_lagged_macro,headline,lag_tdc_bank_only_qoq|lag_fedfunds|lag_unemployment|lag_inflation,domestic_nonfinancial_mmf_reallocation_qoq,2,-12.38973358741131,16.02789764965998,-43.80441298074487,19.02494580592225,66,control_sensitivity,tdc_residual_z,rolling_oos_standard_deviation,cumulative_sum_h0_to_h
headline_lagged_macro,headline,lag_tdc_bank_only_qoq|lag_fedfunds|lag_unemployment|lag_inflation,domestic_nonfinancial_mmf_reallocation_qoq,3,-16.64130908791607,11.659732822998063,-39.49438542099227,6.211767245160132,65,control_sensitivity,tdc_residual_z,rolling_oos_standard_deviation,cumulative_sum_h0_to_h
headline_lagged_macro,headline,lag_tdc_bank_only_qoq|lag_fedfunds|lag_unemployment|lag_inflation,domestic_nonfinancial_mmf_reallocation_qoq,4,-6.051493186644944,14.562904506654425,-34.59478601968762,22.491799646397727,64,control_sensitivity,tdc_residual_z,rolling_oos_standard_deviation,cumulative_sum_h0_to_h
headline_lagged_macro,headline,lag_tdc_bank_only_qoq|lag_fedfunds|lag_unemployment|lag_inflation,domestic_nonfinancial_mmf_reallocation_qoq,5,3.0635276967267195,13.426345931240663,-23.25211032850498,29.37916572195842,63,control_sensitivity,tdc_residual_z,rolling_oos_standard_deviation,cumulative_sum_h0_to_h
headline_lagged_macro,headline,lag_tdc_bank_only_qoq|lag_fedfunds|lag_unemployment|lag_inflation,domestic_nonfinancial_mmf_reallocation_qoq,6,9.668298471264396,12.575932951944672,-14.980530114547161,34.31712705707595,62,control_sensitivity,tdc_residual_z,rolling_oos_standard_deviation,cumulative_sum_h0_to_h
headline_lagged_macro,headline,lag_tdc_bank_only_qoq|lag_fedfunds|lag_unemployment|lag_inflation,domestic_nonfinancial_mmf_reallocation_qoq,7,-8.890532150150271,13.615993908637876,-35.57788021108051,17.796815910779966,61,control_sensitivity,tdc_residual_z,rolling_oos_standard_deviation,cumulative_sum_h0_to_h
headline_lagged_macro,headline,lag_tdc_bank_only_qoq|lag_fedfunds|lag_unemployment|lag_inflation,domestic_nonfinancial_mmf_reallocation_qoq,8,-28.06167360138172,21.060724923948644,-69.34069445232106,13.21734724955762,60,control_sensitivity,tdc_residual_z,rolling_oos_standard_deviation,cumulative_sum_h0_to_h
headline_lagged_macro,headline,lag_tdc_bank_only_qoq|lag_fedfunds|lag_unemployment|lag_inflation,domestic_nonfinancial_repo_reallocation_qoq,0,0.028792382207010303,0.7154641657141337,-1.3735173825926918,1.4311021470067122,68,control_sensitivity,tdc_residual_z,rolling_oos_standard_deviation,cumulative_sum_h0_to_h
headline_lagged_macro,headline,lag_tdc_bank_only_qoq|lag_fedfunds|lag_unemployment|lag_inflation,domestic_nonfinancial_repo_reallocation_qoq,1,-0.6518841737791491,1.0963489403183309,-2.8007280968030774,1.496959749244779,67,control_sensitivity,tdc_residual_z,rolling_oos_standard_deviation,cumulative_sum_h0_to_h
headline_lagged_macro,headline,lag_tdc_bank_only_qoq|lag_fedfunds|lag_unemployment|lag_inflation,domestic_nonfinancial_repo_reallocation_qoq,2,-0.7811253341177906,1.303492006027832,-3.3359696659323417,1.7737189976967604,66,control_sensitivity,tdc_residual_z,rolling_oos_standard_deviation,cumulative_sum_h0_to_h
headline_lagged_macro,headline,lag_tdc_bank_only_qoq|lag_fedfunds|lag_unemployment|lag_inflation,domestic_nonfinancial_repo_reallocation_qoq,3,-1.081030831645977,1.3322362312945994,-3.6922138449833914,1.5301521816914379,65,control_sensitivity,tdc_residual_z,rolling_oos_standard_deviation,cumulative_sum_h0_to_h
headline_lagged_macro,headline,lag_tdc_bank_only_qoq|lag_fedfunds|lag_unemployment|lag_inflation,domestic_nonfinancial_repo_reallocation_qoq,4,-0.7003132154383085,1.2009103178726588,-3.0540974384687196,1.6534710075921026,64,control_sensitivity,tdc_residual_z,rolling_oos_standard_deviation,cumulative_sum_h0_to_h
headline_lagged_macro,headline,lag_tdc_bank_only_qoq|lag_fedfunds|lag_unemployment|lag_inflation,domestic_nonfinancial_repo_reallocation_qoq,5,-0.6089729576320474,1.7813398558351985,-4.100399075069037,2.8824531598049417,63,control_sensitivity,tdc_residual_z,rolling_oos_standard_deviation,cumulative_sum_h0_to_h
headline_lagged_macro,headline,lag_tdc_bank_only_qoq|lag_fedfunds|lag_unemployment|lag_inflation,domestic_nonfinancial_repo_reallocation_qoq,6,-1.0611272942106118,1.7927940841248564,-4.57500369909533,2.4527491106741066,62,control_sensitivity,tdc_residual_z,rolling_oos_standard_deviation,cumulative_sum_h0_to_h
headline_lagged_macro,headline,lag_tdc_bank_only_qoq|lag_fedfunds|lag_unemployment|lag_inflation,domestic_nonfinancial_repo_reallocation_qoq,7,-1.4122082709320758,1.8487392675014283,-5.035737235234875,2.2113206933707232,61,control_sensitivity,tdc_residual_z,rolling_oos_standard_deviation,cumulative_sum_h0_to_h
headline_lagged_macro,headline,lag_tdc_bank_only_qoq|lag_fedfunds|lag_unemployment|lag_inflation,domestic_nonfinancial_repo_reallocation_qoq,8,-2.099738160365989,1.607468321927399,-5.250376071343691,1.0508997506117135,60,control_sensitivity,tdc_residual_z,rolling_oos_standard_deviation,cumulative_sum_h0_to_h
lagged_macro_plus_bill,core,lag_tdc_bank_only_qoq|lag_fedfunds|lag_unemployment|lag_inflation|lag_bill_share,total_deposits_bank_qoq,0,56.138924225194295,21.313366433131318,14.36472601625691,97.91312243413168,68,control_sensitivity,tdc_residual_z,rolling_oos_standard_deviation,cumulative_sum_h0_to_h
lagged_macro_plus_bill,core,lag_tdc_bank_only_qoq|lag_fedfunds|lag_unemployment|lag_inflation|lag_bill_share,total_deposits_bank_qoq,1,101.99633235069616,52.456669577892136,-0.8187400219724168,204.81140472336475,67,control_sensitivity,tdc_residual_z,rolling_oos_standard_deviation,cumulative_sum_h0_to_h
lagged_macro_plus_bill,core,lag_tdc_bank_only_qoq|lag_fedfunds|lag_unemployment|lag_inflation|lag_bill_share,total_deposits_bank_qoq,2,131.51299463016312,62.4287691936386,9.15260701063147,253.87338224969477,66,control_sensitivity,tdc_residual_z,rolling_oos_standard_deviation,cumulative_sum_h0_to_h
lagged_macro_plus_bill,core,lag_tdc_bank_only_qoq|lag_fedfunds|lag_unemployment|lag_inflation|lag_bill_share,total_deposits_bank_qoq,3,160.45917912399094,70.25151604280758,22.766207680088087,298.1521505678938,65,control_sensitivity,tdc_residual_z,rolling_oos_standard_deviation,cumulative_sum_h0_to_h
lagged_macro_plus_bill,core,lag_tdc_bank_only_qoq|lag_fedfunds|lag_unemployment|lag_inflation|lag_bill_share,total_deposits_bank_qoq,4,183.00492645364875,88.56161506024861,9.424160935561474,356.585691971736,64,control_sensitivity,tdc_residual_z,rolling_oos_standard_deviation,cumulative_sum_h0_to_h
lagged_macro_plus_bill,core,lag_tdc_bank_only_qoq|lag_fedfunds|lag_unemployment|lag_inflation|lag_bill_share,total_deposits_bank_qoq,5,171.89870899605427,99.08880419160575,-22.315347219492992,366.1127652116015,63,control_sensitivity,tdc_residual_z,rolling_oos_standard_deviation,cumulative_sum_h0_to_h
lagged_macro_plus_bill,core,lag_tdc_bank_only_qoq|lag_fedfunds|lag_unemployment|lag_inflation|lag_bill_share,total_deposits_bank_qoq,6,149.59984252327564,106.26057118735915,-58.67087700394828,357.87056205049953,62,control_sensitivity,tdc_residual_z,rolling_oos_standard_deviation,cumulative_sum_h0_to_h
lagged_macro_plus_bill,core,lag_tdc_bank_only_qoq|lag_fedfunds|lag_unemployment|lag_inflation|lag_bill_share,total_deposits_bank_qoq,7,152.35152020591744,116.55018695641617,-76.08684622865826,380.78988664049314,61,control_sensitivity,tdc_residual_z,rolling_oos_standard_deviation,cumulative_sum_h0_to_h
lagged_macro_plus_bill,core,lag_tdc_bank_only_qoq|lag_fedfunds|lag_unemployment|lag_inflation|lag_bill_share,total_deposits_bank_qoq,8,158.3733339387447,125.6528876846791,-87.90632592322632,404.65299380071576,60,control_sensitivity,tdc_residual_z,rolling_oos_standard_deviation,cumulative_sum_h0_to_h
lagged_macro_plus_bill,core,lag_tdc_bank_only_qoq|lag_fedfunds|lag_unemployment|lag_inflation|lag_bill_share,other_component_qoq,0,-73.4318424687572,21.006334897710875,-114.6042588682705,-32.25942606924388,68,control_sensitivity,tdc_residual_z,rolling_oos_standard_deviation,cumulative_sum_h0_to_h
lagged_macro_plus_bill,core,lag_tdc_bank_only_qoq|lag_fedfunds|lag_unemployment|lag_inflation|lag_bill_share,other_component_qoq,1,-73.64920713014867,48.29360059707018,-168.30466430040622,21.00625004010888,67,control_sensitivity,tdc_residual_z,rolling_oos_standard_deviation,cumulative_sum_h0_to_h
lagged_macro_plus_bill,core,lag_tdc_bank_only_qoq|lag_fedfunds|lag_unemployment|lag_inflation|lag_bill_share,other_component_qoq,2,-92.9431487399372,55.80600627471568,-202.32292103837995,16.43662355850553,66,control_sensitivity,tdc_residual_z,rolling_oos_standard_deviation,cumulative_sum_h0_to_h
lagged_macro_plus_bill,core,lag_tdc_bank_only_qoq|lag_fedfunds|lag_unemployment|lag_inflation|lag_bill_share,other_component_qoq,3,-38.2072124882424,49.95652380565159,-136.1219991473195,59.707574170834725,65,control_sensitivity,tdc_residual_z,rolling_oos_standard_deviation,cumulative_sum_h0_to_h
lagged_macro_plus_bill,core,lag_tdc_bank_only_qoq|lag_fedfunds|lag_unemployment|lag_inflation|lag_bill_share,other_component_qoq,4,-60.87197451008169,40.33687432441431,-139.93224818593373,18.188299165770353,64,control_sensitivity,tdc_residual_z,rolling_oos_standard_deviation,cumulative_sum_h0_to_h
lagged_macro_plus_bill,core,lag_tdc_bank_only_qoq|lag_fedfunds|lag_unemployment|lag_inflation|lag_bill_share,other_component_qoq,5,-77.1406352238068,36.342606355337736,-148.37214368026878,-5.90912676734483,63,control_sensitivity,tdc_residual_z,rolling_oos_standard_deviation,cumulative_sum_h0_to_h
lagged_macro_plus_bill,core,lag_tdc_bank_only_qoq|lag_fedfunds|lag_unemployment|lag_inflation|lag_bill_share,other_component_qoq,6,-158.82541348453827,41.617003536648994,-240.3947404163703,-77.25608655270625,62,control_sensitivity,tdc_residual_z,rolling_oos_standard_deviation,cumulative_sum_h0_to_h
lagged_macro_plus_bill,core,lag_tdc_bank_only_qoq|lag_fedfunds|lag_unemployment|lag_inflation|lag_bill_share,other_component_qoq,7,-154.40631533712317,50.103287926842434,-252.60875967373434,-56.20387100051201,61,control_sensitivity,tdc_residual_z,rolling_oos_standard_deviation,cumulative_sum_h0_to_h
lagged_macro_plus_bill,core,lag_tdc_bank_only_qoq|lag_fedfunds|lag_unemployment|lag_inflation|lag_bill_share,other_component_qoq,8,-187.25222532491793,55.79627791181832,-296.61293003208186,-77.89152061775403,60,control_sensitivity,tdc_residual_z,rolling_oos_standard_deviation,cumulative_sum_h0_to_h
lagged_macro_plus_bill,core,lag_tdc_bank_only_qoq|lag_fedfunds|lag_unemployment|lag_inflation|lag_bill_share,bank_credit_private_qoq,0,12.894749133734695,13.597529997357203,-13.75640966108542,39.54590792855481,64,control_sensitivity,tdc_residual_z,rolling_oos_standard_deviation,cumulative_sum_h0_to_h
lagged_macro_plus_bill,core,lag_tdc_bank_only_qoq|lag_fedfunds|lag_unemployment|lag_inflation|lag_bill_share,bank_credit_private_qoq,1,21.807349743145792,16.7407046292969,-11.004431330276134,54.61913081656772,63,control_sensitivity,tdc_residual_z,rolling_oos_standard_deviation,cumulative_sum_h0_to_h
lagged_macro_plus_bill,core,lag_tdc_bank_only_qoq|lag_fedfunds|lag_unemployment|lag_inflation|lag_bill_share,bank_credit_private_qoq,2,22.76318490384041,15.616790583517433,-7.845724639853756,53.37209444753458,62,control_sensitivity,tdc_residual_z,rolling_oos_standard_deviation,cumulative_sum_h0_to_h
lagged_macro_plus_bill,core,lag_tdc_bank_only_qoq|lag_fedfunds|lag_unemployment|lag_inflation|lag_bill_share,bank_credit_private_qoq,3,35.72387843368949,16.896482573240124,2.6067725901388457,68.84098427724014,61,control_sensitivity,tdc_residual_z,rolling_oos_standard_deviation,cumulative_sum_h0_to_h
lagged_macro_plus_bill,core,lag_tdc_bank_only_qoq|lag_fedfunds|lag_unemployment|lag_inflation|lag_bill_share,bank_credit_private_qoq,4,52.391523909213774,19.953025489944753,13.28359394892206,91.49945386950549,60,control_sensitivity,tdc_residual_z,rolling_oos_standard_deviation,cumulative_sum_h0_to_h
lagged_macro_plus_bill,core,lag_tdc_bank_only_qoq|lag_fedfunds|lag_unemployment|lag_inflation|lag_bill_share,bank_credit_private_qoq,5,61.05302588969816,24.190530848096714,13.639585427428607,108.46646635196771,59,control_sensitivity,tdc_residual_z,rolling_oos_standard_deviation,cumulative_sum_h0_to_h
lagged_macro_plus_bill,core,lag_tdc_bank_only_qoq|lag_fedfunds|lag_unemployment|lag_inflation|lag_bill_share,bank_credit_private_qoq,6,60.61208699330581,23.995741399608157,13.580433850073824,107.64374013653779,58,control_sensitivity,tdc_residual_z,rolling_oos_standard_deviation,cumulative_sum_h0_to_h
lagged_macro_plus_bill,core,lag_tdc_bank_only_qoq|lag_fedfunds|lag_unemployment|lag_inflation|lag_bill_share,bank_credit_private_qoq,7,64.68202014653747,26.524115164991418,12.694754423154286,116.66928586992066,57,control_sensitivity,tdc_residual_z,rolling_oos_standard_deviation,cumulative_sum_h0_to_h
lagged_macro_plus_bill,core,lag_tdc_bank_only_qoq|lag_fedfunds|lag_unemployment|lag_inflation|lag_bill_share,bank_credit_private_qoq,8,61.00562892556897,30.40772355900921,1.4064907499109225,120.60476710122703,56,control_sensitivity,tdc_residual_z,rolling_oos_standard_deviation,cumulative_sum_h0_to_h
lagged_macro_plus_bill,core,lag_tdc_bank_only_qoq|lag_fedfunds|lag_unemployment|lag_inflation|lag_bill_share,cb_nonts_qoq,0,40.531914210777295,15.185475678558715,10.768381880802213,70.29544654075238,68,control_sensitivity,tdc_residual_z,rolling_oos_standard_deviation,cumulative_sum_h0_to_h
lagged_macro_plus_bill,core,lag_tdc_bank_only_qoq|lag_fedfunds|lag_unemployment|lag_inflation|lag_bill_share,cb_nonts_qoq,1,97.78688946158073,67.77644628769431,-35.05494526230012,230.62872418546158,67,control_sensitivity,tdc_residual_z,rolling_oos_standard_deviation,cumulative_sum_h0_to_h
lagged_macro_plus_bill,core,lag_tdc_bank_only_qoq|lag_fedfunds|lag_unemployment|lag_inflation|lag_bill_share,cb_nonts_qoq,2,134.60892308698726,86.69997462510474,-35.32302717821804,304.54087335219253,66,control_sensitivity,tdc_residual_z,rolling_oos_standard_deviation,cumulative_sum_h0_to_h
lagged_macro_plus_bill,core,lag_tdc_bank_only_qoq|lag_fedfunds|lag_unemployment|lag_inflation|lag_bill_share,cb_nonts_qoq,3,149.93929690077954,90.73798771543886,-27.907159021480624,327.78575282303973,65,control_sensitivity,tdc_residual_z,rolling_oos_standard_deviation,cumulative_sum_h0_to_h
lagged_macro_plus_bill,core,lag_tdc_bank_only_qoq|lag_fedfunds|lag_unemployment|lag_inflation|lag_bill_share,cb_nonts_qoq,4,161.76742797725748,99.11745561779735,-32.502785033625315,356.0376409881403,64,control_sensitivity,tdc_residual_z,rolling_oos_standard_deviation,cumulative_sum_h0_to_h
lagged_macro_plus_bill,core,lag_tdc_bank_only_qoq|lag_fedfunds|lag_unemployment|lag_inflation|lag_bill_share,cb_nonts_qoq,5,143.29231415567526,109.63803513477302,-71.59823470847985,358.1828630198304,63,control_sensitivity,tdc_residual_z,rolling_oos_standard_deviation,cumulative_sum_h0_to_h
lagged_macro_plus_bill,core,lag_tdc_bank_only_qoq|lag_fedfunds|lag_unemployment|lag_inflation|lag_bill_share,cb_nonts_qoq,6,107.20645442095486,100.34373377380372,-89.46726377570045,303.8801726176101,62,control_sensitivity,tdc_residual_z,rolling_oos_standard_deviation,cumulative_sum_h0_to_h
lagged_macro_plus_bill,core,lag_tdc_bank_only_qoq|lag_fedfunds|lag_unemployment|lag_inflation|lag_bill_share,cb_nonts_qoq,7,65.80984288018641,99.50016913378775,-129.2104886220376,260.8301743824104,61,control_sensitivity,tdc_residual_z,rolling_oos_standard_deviation,cumulative_sum_h0_to_h
lagged_macro_plus_bill,core,lag_tdc_bank_only_qoq|lag_fedfunds|lag_unemployment|lag_inflation|lag_bill_share,cb_nonts_qoq,8,72.67379954367473,101.41502007007702,-126.09963979367623,271.44723888102567,60,control_sensitivity,tdc_residual_z,rolling_oos_standard_deviation,cumulative_sum_h0_to_h
lagged_macro_plus_bill,core,lag_tdc_bank_only_qoq|lag_fedfunds|lag_unemployment|lag_inflation|lag_bill_share,foreign_nonts_qoq,0,27.816739301896657,14.19345859023416,-0.002439534962295653,55.63591813875561,68,control_sensitivity,tdc_residual_z,rolling_oos_standard_deviation,cumulative_sum_h0_to_h
lagged_macro_plus_bill,core,lag_tdc_bank_only_qoq|lag_fedfunds|lag_unemployment|lag_inflation|lag_bill_share,foreign_nonts_qoq,1,28.184248862745733,14.254276263597498,0.24586738609463765,56.12263033939683,67,control_sensitivity,tdc_residual_z,rolling_oos_standard_deviation,cumulative_sum_h0_to_h
lagged_macro_plus_bill,core,lag_tdc_bank_only_qoq|lag_fedfunds|lag_unemployment|lag_inflation|lag_bill_share,foreign_nonts_qoq,2,40.3194229476231,11.086136482582267,18.59059544176186,62.04825045348434,66,control_sensitivity,tdc_residual_z,rolling_oos_standard_deviation,cumulative_sum_h0_to_h
lagged_macro_plus_bill,core,lag_tdc_bank_only_qoq|lag_fedfunds|lag_unemployment|lag_inflation|lag_bill_share,foreign_nonts_qoq,3,33.72869465479678,8.622715564771937,16.828172147843787,50.62921716174978,65,control_sensitivity,tdc_residual_z,rolling_oos_standard_deviation,cumulative_sum_h0_to_h
lagged_macro_plus_bill,core,lag_tdc_bank_only_qoq|lag_fedfunds|lag_unemployment|lag_inflation|lag_bill_share,foreign_nonts_qoq,4,39.24372879640549,10.711365033602467,18.249453330544657,60.23800426226633,64,control_sensitivity,tdc_residual_z,rolling_oos_standard_deviation,cumulative_sum_h0_to_h
lagged_macro_plus_bill,core,lag_tdc_bank_only_qoq|lag_fedfunds|lag_unemployment|lag_inflation|lag_bill_share,foreign_nonts_qoq,5,26.066085289741824,10.067057572278843,6.334652448075293,45.79751813140835,63,control_sensitivity,tdc_residual_z,rolling_oos_standard_deviation,cumulative_sum_h0_to_h
lagged_macro_plus_bill,core,lag_tdc_bank_only_qoq|lag_fedfunds|lag_unemployment|lag_inflation|lag_bill_share,foreign_nonts_qoq,6,22.238669510547084,8.933374932615914,4.7292546426198925,39.748084378474275,62,control_sensitivity,tdc_residual_z,rolling_oos_standard_deviation,cumulative_sum_h0_to_h
lagged_macro_plus_bill,core,lag_tdc_bank_only_qoq|lag_fedfunds|lag_unemployment|lag_inflation|lag_bill_share,foreign_nonts_qoq,7,11.921940063396022,11.175118743892911,-9.981292674634084,33.82517280142613,61,control_sensitivity,tdc_residual_z,rolling_oos_standard_deviation,cumulative_sum_h0_to_h
lagged_macro_plus_bill,core,lag_tdc_bank_only_qoq|lag_fedfunds|lag_unemployment|lag_inflation|lag_bill_share,foreign_nonts_qoq,8,17.72748694999342,14.309001882087516,-10.31815673889811,45.77313063888495,60,control_sensitivity,tdc_residual_z,rolling_oos_standard_deviation,cumulative_sum_h0_to_h
lagged_macro_plus_bill,core,lag_tdc_bank_only_qoq|lag_fedfunds|lag_unemployment|lag_inflation|lag_bill_share,domestic_nonfinancial_mmf_reallocation_qoq,0,-19.06453546602758,11.60534396844929,-41.81100964418819,3.6819387121330287,68,control_sensitivity,tdc_residual_z,rolling_oos_standard_deviation,cumulative_sum_h0_to_h
lagged_macro_plus_bill,core,lag_tdc_bank_only_qoq|lag_fedfunds|lag_unemployment|lag_inflation|lag_bill_share,domestic_nonfinancial_mmf_reallocation_qoq,1,-35.31311984393888,17.88353185785261,-70.36484228532998,-0.26139740254776456,67,control_sensitivity,tdc_residual_z,rolling_oos_standard_deviation,cumulative_sum_h0_to_h
lagged_macro_plus_bill,core,lag_tdc_bank_only_qoq|lag_fedfunds|lag_unemployment|lag_inflation|lag_bill_share,domestic_nonfinancial_mmf_reallocation_qoq,2,-20.062545260902567,17.244137948155444,-53.86105563928724,13.735965117482102,66,control_sensitivity,tdc_residual_z,rolling_oos_standard_deviation,cumulative_sum_h0_to_h
lagged_macro_plus_bill,core,lag_tdc_bank_only_qoq|lag_fedfunds|lag_unemployment|lag_inflation|lag_bill_share,domestic_nonfinancial_mmf_reallocation_qoq,3,-18.586735126964708,12.749546089176597,-43.57584546175084,6.4023752078214216,65,control_sensitivity,tdc_residual_z,rolling_oos_standard_deviation,cumulative_sum_h0_to_h
lagged_macro_plus_bill,core,lag_tdc_bank_only_qoq|lag_fedfunds|lag_unemployment|lag_inflation|lag_bill_share,domestic_nonfinancial_mmf_reallocation_qoq,4,-7.538768173609117,15.957244810867454,-38.814968002909325,23.737431655691093,64,control_sensitivity,tdc_residual_z,rolling_oos_standard_deviation,cumulative_sum_h0_to_h
lagged_macro_plus_bill,core,lag_tdc_bank_only_qoq|lag_fedfunds|lag_unemployment|lag_inflation|lag_bill_share,domestic_nonfinancial_mmf_reallocation_qoq,5,5.789676652572297,18.365117867891936,-30.205954368495895,41.78530767364049,63,control_sensitivity,tdc_residual_z,rolling_oos_standard_deviation,cumulative_sum_h0_to_h
lagged_macro_plus_bill,core,lag_tdc_bank_only_qoq|lag_fedfunds|lag_unemployment|lag_inflation|lag_bill_share,domestic_nonfinancial_mmf_reallocation_qoq,6,18.041160195477765,16.580708854112636,-14.457029158582998,50.53934954953853,62,control_sensitivity,tdc_residual_z,rolling_oos_standard_deviation,cumulative_sum_h0_to_h
lagged_macro_plus_bill,core,lag_tdc_bank_only_qoq|lag_fedfunds|lag_unemployment|lag_inflation|lag_bill_share,domestic_nonfinancial_mmf_reallocation_qoq,7,9.656545750516095,16.757045153528427,-23.18726275039962,42.50035425143181,61,control_sensitivity,tdc_residual_z,rolling_oos_standard_deviation,cumulative_sum_h0_to_h
lagged_macro_plus_bill,core,lag_tdc_bank_only_qoq|lag_fedfunds|lag_unemployment|lag_inflation|lag_bill_share,domestic_nonfinancial_mmf_reallocation_qoq,8,0.885823886164701,20.208447915617917,-38.72273402844642,40.49438180077582,60,control_sensitivity,tdc_residual_z,rolling_oos_standard_deviation,cumulative_sum_h0_to_h
lagged_macro_plus_bill,core,lag_tdc_bank_only_qoq|lag_fedfunds|lag_unemployment|lag_inflation|lag_bill_share,domestic_nonfinancial_repo_reallocation_qoq,0,-0.20461744559218575,0.7246791227694094,-1.624988526220228,1.2157536350358567,68,control_sensitivity,tdc_residual_z,rolling_oos_standard_deviation,cumulative_sum_h0_to_h
lagged_macro_plus_bill,core,lag_tdc_bank_only_qoq|lag_fedfunds|lag_unemployment|lag_inflation|lag_bill_share,domestic_nonfinancial_repo_reallocation_qoq,1,-0.973533343685154,1.1241602410774851,-3.1768874161970246,1.229820728826717,67,control_sensitivity,tdc_residual_z,rolling_oos_standard_deviation,cumulative_sum_h0_to_h
lagged_macro_plus_bill,core,lag_tdc_bank_only_qoq|lag_fedfunds|lag_unemployment|lag_inflation|lag_bill_share,domestic_nonfinancial_repo_reallocation_qoq,2,-1.7139807782130503,1.1386048001416393,-3.9456461864906633,0.5176846300645628,66,control_sensitivity,tdc_residual_z,rolling_oos_standard_deviation,cumulative_sum_h0_to_h
lagged_macro_plus_bill,core,lag_tdc_bank_only_qoq|lag_fedfunds|lag_unemployment|lag_inflation|lag_bill_share,domestic_nonfinancial_repo_reallocation_qoq,3,-1.7669571015133578,1.2036239444118073,-4.1260600325605,0.5921458295337843,65,control_sensitivity,tdc_residual_z,rolling_oos_standard_deviation,cumulative_sum_h0_to_h
lagged_macro_plus_bill,core,lag_tdc_bank_only_qoq|lag_fedfunds|lag_unemployment|lag_inflation|lag_bill_share,domestic_nonfinancial_repo_reallocation_qoq,4,-1.5597103358696585,1.2280713468185098,-3.9667301756339377,0.8473095038946206,64,control_sensitivity,tdc_residual_z,rolling_oos_standard_deviation,cumulative_sum_h0_to_h
lagged_macro_plus_bill,core,lag_tdc_bank_only_qoq|lag_fedfunds|lag_unemployment|lag_inflation|lag_bill_share,domestic_nonfinancial_repo_reallocation_qoq,5,-1.784502330709047,1.514208220946372,-4.752350443763936,1.183345782345842,63,control_sensitivity,tdc_residual_z,rolling_oos_standard_deviation,cumulative_sum_h0_to_h
lagged_macro_plus_bill,core,lag_tdc_bank_only_qoq|lag_fedfunds|lag_unemployment|lag_inflation|lag_bill_share,domestic_nonfinancial_repo_reallocation_qoq,6,-2.340233073021469,1.5954750023117241,-5.467364077552448,0.7868979315095102,62,control_sensitivity,tdc_residual_z,rolling_oos_standard_deviation,cumulative_sum_h0_to_h
lagged_macro_plus_bill,core,lag_tdc_bank_only_qoq|lag_fedfunds|lag_unemployment|lag_inflation|lag_bill_share,domestic_nonfinancial_repo_reallocation_qoq,7,-2.8145030097316637,1.813689922460503,-6.3693352577542495,0.7403292382909221,61,control_sensitivity,tdc_residual_z,rolling_oos_standard_deviation,cumulative_sum_h0_to_h
lagged_macro_plus_bill,core,lag_tdc_bank_only_qoq|lag_fedfunds|lag_unemployment|lag_inflation|lag_bill_share,domestic_nonfinancial_repo_reallocation_qoq,8,-3.4243407583931362,1.6614539307863032,-6.68079046273429,-0.167891054051982,60,control_sensitivity,tdc_residual_z,rolling_oos_standard_deviation,cumulative_sum_h0_to_h
lagged_macro_plus_trend,exploratory,lag_tdc_bank_only_qoq|lag_fedfunds|lag_unemployment|lag_inflation|quarter_index,total_deposits_bank_qoq,0,46.50896325449305,22.297863866914717,2.805150075340201,90.2127764336459,68,control_sensitivity,tdc_residual_z,rolling_oos_standard_deviation,cumulative_sum_h0_to_h
lagged_macro_plus_trend,exploratory,lag_tdc_bank_only_qoq|lag_fedfunds|lag_unemployment|lag_inflation|quarter_index,total_deposits_bank_qoq,1,85.15018085355113,52.57236957995506,-17.891663523160773,188.19202523026303,67,control_sensitivity,tdc_residual_z,rolling_oos_standard_deviation,cumulative_sum_h0_to_h
lagged_macro_plus_trend,exploratory,lag_tdc_bank_only_qoq|lag_fedfunds|lag_unemployment|lag_inflation|quarter_index,total_deposits_bank_qoq,2,100.5642660533122,62.276791514502634,-21.498245315112968,222.62677742173736,66,control_sensitivity,tdc_residual_z,rolling_oos_standard_deviation,cumulative_sum_h0_to_h
lagged_macro_plus_trend,exploratory,lag_tdc_bank_only_qoq|lag_fedfunds|lag_unemployment|lag_inflation|quarter_index,total_deposits_bank_qoq,3,124.16143222190624,73.7053331870372,-20.301020824686674,268.6238852684992,65,control_sensitivity,tdc_residual_z,rolling_oos_standard_deviation,cumulative_sum_h0_to_h
lagged_macro_plus_trend,exploratory,lag_tdc_bank_only_qoq|lag_fedfunds|lag_unemployment|lag_inflation|quarter_index,total_deposits_bank_qoq,4,140.04209082156737,93.63800706051393,-43.48840301703993,323.5725846601747,64,control_sensitivity,tdc_residual_z,rolling_oos_standard_deviation,cumulative_sum_h0_to_h
lagged_macro_plus_trend,exploratory,lag_tdc_bank_only_qoq|lag_fedfunds|lag_unemployment|lag_inflation|quarter_index,total_deposits_bank_qoq,5,111.69363942108532,101.44970288518118,-87.14777823386979,310.5350570760404,63,control_sensitivity,tdc_residual_z,rolling_oos_standard_deviation,cumulative_sum_h0_to_h
lagged_macro_plus_trend,exploratory,lag_tdc_bank_only_qoq|lag_fedfunds|lag_unemployment|lag_inflation|quarter_index,total_deposits_bank_qoq,6,85.15247969315607,107.5520046944589,-125.64944950798338,295.9544088942955,62,control_sensitivity,tdc_residual_z,rolling_oos_standard_deviation,cumulative_sum_h0_to_h
lagged_macro_plus_trend,exploratory,lag_tdc_bank_only_qoq|lag_fedfunds|lag_unemployment|lag_inflation|quarter_index,total_deposits_bank_qoq,7,87.08388130075565,115.39909508527501,-139.09834506638336,313.26610766789463,61,control_sensitivity,tdc_residual_z,rolling_oos_standard_deviation,cumulative_sum_h0_to_h
lagged_macro_plus_trend,exploratory,lag_tdc_bank_only_qoq|lag_fedfunds|lag_unemployment|lag_inflation|quarter_index,total_deposits_bank_qoq,8,89.69488258051746,120.19528731487928,-145.88788055664594,325.27764571768085,60,control_sensitivity,tdc_residual_z,rolling_oos_standard_deviation,cumulative_sum_h0_to_h
lagged_macro_plus_trend,exploratory,lag_tdc_bank_only_qoq|lag_fedfunds|lag_unemployment|lag_inflation|quarter_index,other_component_qoq,0,-80.53556751550765,19.425779246760627,-118.61009483915848,-42.461040191856824,68,control_sensitivity,tdc_residual_z,rolling_oos_standard_deviation,cumulative_sum_h0_to_h
lagged_macro_plus_trend,exploratory,lag_tdc_bank_only_qoq|lag_fedfunds|lag_unemployment|lag_inflation|quarter_index,other_component_qoq,1,-88.31514209485914,46.444977677566335,-179.34729834288916,2.7170141531708794,67,control_sensitivity,tdc_residual_z,rolling_oos_standard_deviation,cumulative_sum_h0_to_h
lagged_macro_plus_trend,exploratory,lag_tdc_bank_only_qoq|lag_fedfunds|lag_unemployment|lag_inflation|quarter_index,other_component_qoq,2,-120.29987251502799,52.507444332626285,-223.21446340697548,-17.385281623080473,66,control_sensitivity,tdc_residual_z,rolling_oos_standard_deviation,cumulative_sum_h0_to_h
lagged_macro_plus_trend,exploratory,lag_tdc_bank_only_qoq|lag_fedfunds|lag_unemployment|lag_inflation|quarter_index,other_component_qoq,3,-74.40297487107463,51.63187671594198,-175.6014532343209,26.795503492171648,65,control_sensitivity,tdc_residual_z,rolling_oos_standard_deviation,cumulative_sum_h0_to_h
lagged_macro_plus_trend,exploratory,lag_tdc_bank_only_qoq|lag_fedfunds|lag_unemployment|lag_inflation|quarter_index,other_component_qoq,4,-97.80186440396753,48.770138319770695,-193.39133551071808,-2.2123932972169627,64,control_sensitivity,tdc_residual_z,rolling_oos_standard_deviation,cumulative_sum_h0_to_h
lagged_macro_plus_trend,exploratory,lag_tdc_bank_only_qoq|lag_fedfunds|lag_unemployment|lag_inflation|quarter_index,other_component_qoq,5,-122.96180573635101,44.24733278702146,-209.6865779989131,-36.23703347378894,63,control_sensitivity,tdc_residual_z,rolling_oos_standard_deviation,cumulative_sum_h0_to_h
lagged_macro_plus_trend,exploratory,lag_tdc_bank_only_qoq|lag_fedfunds|lag_unemployment|lag_inflation|quarter_index,other_component_qoq,6,-202.181201797226,47.15264937377423,-294.6003945698235,-109.76200902462851,62,control_sensitivity,tdc_residual_z,rolling_oos_standard_deviation,cumulative_sum_h0_to_h
lagged_macro_plus_trend,exploratory,lag_tdc_bank_only_qoq|lag_fedfunds|lag_unemployment|lag_inflation|quarter_index,other_component_qoq,7,-196.53701697200236,52.46269126953078,-299.3638918602827,-93.71014208372203,61,control_sensitivity,tdc_residual_z,rolling_oos_standard_deviation,cumulative_sum_h0_to_h
lagged_macro_plus_trend,exploratory,lag_tdc_bank_only_qoq|lag_fedfunds|lag_unemployment|lag_inflation|quarter_index,other_component_qoq,8,-227.72358986350153,57.569327013953384,-340.55947081085014,-114.8877089161529,60,control_sensitivity,tdc_residual_z,rolling_oos_standard_deviation,cumulative_sum_h0_to_h
lagged_macro_plus_trend,exploratory,lag_tdc_bank_only_qoq|lag_fedfunds|lag_unemployment|lag_inflation|quarter_index,bank_credit_private_qoq,0,10.988912448914189,14.289536843547886,-17.018579764439668,38.99640466226805,64,control_sensitivity,tdc_residual_z,rolling_oos_standard_deviation,cumulative_sum_h0_to_h
lagged_macro_plus_trend,exploratory,lag_tdc_bank_only_qoq|lag_fedfunds|lag_unemployment|lag_inflation|quarter_index,bank_credit_private_qoq,1,13.41467907043382,17.010084103550813,-19.925085772525776,46.754443913393416,63,control_sensitivity,tdc_residual_z,rolling_oos_standard_deviation,cumulative_sum_h0_to_h
lagged_macro_plus_trend,exploratory,lag_tdc_bank_only_qoq|lag_fedfunds|lag_unemployment|lag_inflation|quarter_index,bank_credit_private_qoq,2,10.988847957513002,15.395226320257734,-19.185795630192157,41.163491545218164,62,control_sensitivity,tdc_residual_z,rolling_oos_standard_deviation,cumulative_sum_h0_to_h
lagged_macro_plus_trend,exploratory,lag_tdc_bank_only_qoq|lag_fedfunds|lag_unemployment|lag_inflation|quarter_index,bank_credit_private_qoq,3,25.1482992422508,15.584867535924982,-5.398041128162163,55.694639612663764,61,control_sensitivity,tdc_residual_z,rolling_oos_standard_deviation,cumulative_sum_h0_to_h
lagged_macro_plus_trend,exploratory,lag_tdc_bank_only_qoq|lag_fedfunds|lag_unemployment|lag_inflation|quarter_index,bank_credit_private_qoq,4,37.9641761639223,17.847229091891336,2.9836071438152842,72.94474518402933,60,control_sensitivity,tdc_residual_z,rolling_oos_standard_deviation,cumulative_sum_h0_to_h
lagged_macro_plus_trend,exploratory,lag_tdc_bank_only_qoq|lag_fedfunds|lag_unemployment|lag_inflation|quarter_index,bank_credit_private_qoq,5,46.746871733700644,19.989430850642616,7.567587266441116,85.92615620096018,59,control_sensitivity,tdc_residual_z,rolling_oos_standard_deviation,cumulative_sum_h0_to_h
lagged_macro_plus_trend,exploratory,lag_tdc_bank_only_qoq|lag_fedfunds|lag_unemployment|lag_inflation|quarter_index,bank_credit_private_qoq,6,48.55433616409876,20.957598610370486,7.477442887772604,89.6312294404249,58,control_sensitivity,tdc_residual_z,rolling_oos_standard_deviation,cumulative_sum_h0_to_h
lagged_macro_plus_trend,exploratory,lag_tdc_bank_only_qoq|lag_fedfunds|lag_unemployment|lag_inflation|quarter_index,bank_credit_private_qoq,7,56.4106959805666,25.409901953158702,6.607288152375546,106.21410380875766,57,control_sensitivity,tdc_residual_z,rolling_oos_standard_deviation,cumulative_sum_h0_to_h
lagged_macro_plus_trend,exploratory,lag_tdc_bank_only_qoq|lag_fedfunds|lag_unemployment|lag_inflation|quarter_index,bank_credit_private_qoq,8,54.82320499896659,29.607052394887248,-3.206617695012419,112.8530276929456,56,control_sensitivity,tdc_residual_z,rolling_oos_standard_deviation,cumulative_sum_h0_to_h
lagged_macro_plus_trend,exploratory,lag_tdc_bank_only_qoq|lag_fedfunds|lag_unemployment|lag_inflation|quarter_index,cb_nonts_qoq,0,32.44460604647116,15.13815918497305,2.7738140439239807,62.11539804901834,68,control_sensitivity,tdc_residual_z,rolling_oos_standard_deviation,cumulative_sum_h0_to_h
lagged_macro_plus_trend,exploratory,lag_tdc_bank_only_qoq|lag_fedfunds|lag_unemployment|lag_inflation|quarter_index,cb_nonts_qoq,1,81.99428395939036,57.2942390071155,-30.30242449455602,194.29099241333674,67,control_sensitivity,tdc_residual_z,rolling_oos_standard_deviation,cumulative_sum_h0_to_h
lagged_macro_plus_trend,exploratory,lag_tdc_bank_only_qoq|lag_fedfunds|lag_unemployment|lag_inflation|quarter_index,cb_nonts_qoq,2,108.83797335973895,70.19875433593303,-28.75158513868979,246.4275318581677,66,control_sensitivity,tdc_residual_z,rolling_oos_standard_deviation,cumulative_sum_h0_to_h
lagged_macro_plus_trend,exploratory,lag_tdc_bank_only_qoq|lag_fedfunds|lag_unemployment|lag_inflation|quarter_index,cb_nonts_qoq,3,116.85187666944485,73.96165284177427,-28.11296290043272,261.81671623932243,65,control_sensitivity,tdc_residual_z,rolling_oos_standard_deviation,cumulative_sum_h0_to_h
lagged_macro_plus_trend,exploratory,lag_tdc_bank_only_qoq|lag_fedfunds|lag_unemployment|lag_inflation|quarter_index,cb_nonts_qoq,4,132.35906970044252,83.38301902342587,-31.071647585472192,295.7897869863572,64,control_sensitivity,tdc_residual_z,rolling_oos_standard_deviation,cumulative_sum_h0_to_h
lagged_macro_plus_trend,exploratory,lag_tdc_bank_only_qoq|lag_fedfunds|lag_unemployment|lag_inflation|quarter_index,cb_nonts_qoq,5,101.20101536787712,88.66533855069879,-72.58304819149251,274.9850789272467,63,control_sensitivity,tdc_residual_z,rolling_oos_standard_deviation,cumulative_sum_h0_to_h
lagged_macro_plus_trend,exploratory,lag_tdc_bank_only_qoq|lag_fedfunds|lag_unemployment|lag_inflation|quarter_index,cb_nonts_qoq,6,69.7196504208294,80.02271727100201,-87.12487543033453,226.56417627199332,62,control_sensitivity,tdc_residual_z,rolling_oos_standard_deviation,cumulative_sum_h0_to_h
lagged_macro_plus_trend,exploratory,lag_tdc_bank_only_qoq|lag_fedfunds|lag_unemployment|lag_inflation|quarter_index,cb_nonts_qoq,7,40.28828220806055,76.0139015198187,-108.69896477078412,189.2755291869052,61,control_sensitivity,tdc_residual_z,rolling_oos_standard_deviation,cumulative_sum_h0_to_h
lagged_macro_plus_trend,exploratory,lag_tdc_bank_only_qoq|lag_fedfunds|lag_unemployment|lag_inflation|quarter_index,cb_nonts_qoq,8,62.00956369377608,71.28067963809393,-77.70056839688803,201.71969578444018,60,control_sensitivity,tdc_residual_z,rolling_oos_standard_deviation,cumulative_sum_h0_to_h
lagged_macro_plus_trend,exploratory,lag_tdc_bank_only_qoq|lag_fedfunds|lag_unemployment|lag_inflation|quarter_index,foreign_nonts_qoq,0,28.182402283337385,12.600545912782742,3.485332294283211,52.87947227239156,68,control_sensitivity,tdc_residual_z,rolling_oos_standard_deviation,cumulative_sum_h0_to_h
lagged_macro_plus_trend,exploratory,lag_tdc_bank_only_qoq|lag_fedfunds|lag_unemployment|lag_inflation|quarter_index,foreign_nonts_qoq,1,26.156466786815912,12.17559021520516,2.2923099650138,50.020623608618024,67,control_sensitivity,tdc_residual_z,rolling_oos_standard_deviation,cumulative_sum_h0_to_h
lagged_macro_plus_trend,exploratory,lag_tdc_bank_only_qoq|lag_fedfunds|lag_unemployment|lag_inflation|quarter_index,foreign_nonts_qoq,2,39.415754175550916,9.662705602614485,20.476851194426526,58.3546571566753,66,control_sensitivity,tdc_residual_z,rolling_oos_standard_deviation,cumulative_sum_h0_to_h
lagged_macro_plus_trend,exploratory,lag_tdc_bank_only_qoq|lag_fedfunds|lag_unemployment|lag_inflation|quarter_index,foreign_nonts_qoq,3,33.88128463116899,9.594011475401826,15.077022139381409,52.685547122956564,65,control_sensitivity,tdc_residual_z,rolling_oos_standard_deviation,cumulative_sum_h0_to_h
lagged_macro_plus_trend,exploratory,lag_tdc_bank_only_qoq|lag_fedfunds|lag_unemployment|lag_inflation|quarter_index,foreign_nonts_qoq,4,38.21635084141834,9.958106775085435,18.698461562250888,57.734240120585795,64,control_sensitivity,tdc_residual_z,rolling_oos_standard_deviation,cumulative_sum_h0_to_h
lagged_macro_plus_trend,exploratory,lag_tdc_bank_only_qoq|lag_fedfunds|lag_unemployment|lag_inflation|quarter_index,foreign_nonts_qoq,5,29.019113818251576,10.970281637041015,7.5173618096511845,50.52086582685197,63,control_sensitivity,tdc_residual_z,rolling_oos_standard_deviation,cumulative_sum_h0_to_h
lagged_macro_plus_trend,exploratory,lag_tdc_bank_only_qoq|lag_fedfunds|lag_unemployment|lag_inflation|quarter_index,foreign_nonts_qoq,6,26.995492070111226,10.472537726340542,6.469318126483763,47.52166601373869,62,control_sensitivity,tdc_residual_z,rolling_oos_standard_deviation,cumulative_sum_h0_to_h
lagged_macro_plus_trend,exploratory,lag_tdc_bank_only_qoq|lag_fedfunds|lag_unemployment|lag_inflation|quarter_index,foreign_nonts_qoq,7,22.289728581730373,10.937182320429262,0.8528512336890195,43.72660592977172,61,control_sensitivity,tdc_residual_z,rolling_oos_standard_deviation,cumulative_sum_h0_to_h
lagged_macro_plus_trend,exploratory,lag_tdc_bank_only_qoq|lag_fedfunds|lag_unemployment|lag_inflation|quarter_index,foreign_nonts_qoq,8,29.31489627266515,13.608522714899465,2.6421917514621995,55.9876007938681,60,control_sensitivity,tdc_residual_z,rolling_oos_standard_deviation,cumulative_sum_h0_to_h
lagged_macro_plus_trend,exploratory,lag_tdc_bank_only_qoq|lag_fedfunds|lag_unemployment|lag_inflation|quarter_index,domestic_nonfinancial_mmf_reallocation_qoq,0,-14.887985779200733,12.116744493380388,-38.636804986226295,8.860833427824826,68,control_sensitivity,tdc_residual_z,rolling_oos_standard_deviation,cumulative_sum_h0_to_h
lagged_macro_plus_trend,exploratory,lag_tdc_bank_only_qoq|lag_fedfunds|lag_unemployment|lag_inflation|quarter_index,domestic_nonfinancial_mmf_reallocation_qoq,1,-26.163294384625946,19.362896611294754,-64.11457174276366,11.78798297351177,67,control_sensitivity,tdc_residual_z,rolling_oos_standard_deviation,cumulative_sum_h0_to_h
lagged_macro_plus_trend,exploratory,lag_tdc_bank_only_qoq|lag_fedfunds|lag_unemployment|lag_inflation|quarter_index,domestic_nonfinancial_mmf_reallocation_qoq,2,-9.193370864175204,18.24032931574461,-44.944416323034645,26.557674594684233,66,control_sensitivity,tdc_residual_z,rolling_oos_standard_deviation,cumulative_sum_h0_to_h
lagged_macro_plus_trend,exploratory,lag_tdc_bank_only_qoq|lag_fedfunds|lag_unemployment|lag_inflation|quarter_index,domestic_nonfinancial_mmf_reallocation_qoq,3,-11.90417764789099,13.629479831396017,-38.61795811742718,14.809602821645203,65,control_sensitivity,tdc_residual_z,rolling_oos_standard_deviation,cumulative_sum_h0_to_h
lagged_macro_plus_trend,exploratory,lag_tdc_bank_only_qoq|lag_fedfunds|lag_unemployment|lag_inflation|quarter_index,domestic_nonfinancial_mmf_reallocation_qoq,4,-0.020629267404558504,17.488885627123786,-34.29884509656718,34.25758656175806,64,control_sensitivity,tdc_residual_z,rolling_oos_standard_deviation,cumulative_sum_h0_to_h
lagged_macro_plus_trend,exploratory,lag_tdc_bank_only_qoq|lag_fedfunds|lag_unemployment|lag_inflation|quarter_index,domestic_nonfinancial_mmf_reallocation_qoq,5,10.843456751306531,18.425535053786632,-25.270591954115268,46.957505456728335,63,control_sensitivity,tdc_residual_z,rolling_oos_standard_deviation,cumulative_sum_h0_to_h
lagged_macro_plus_trend,exploratory,lag_tdc_bank_only_qoq|lag_fedfunds|lag_unemployment|lag_inflation|quarter_index,domestic_nonfinancial_mmf_reallocation_qoq,6,17.747970625758427,15.848083755657267,-13.314273535329818,48.81021478684667,62,control_sensitivity,tdc_residual_z,rolling_oos_standard_deviation,cumulative_sum_h0_to_h
lagged_macro_plus_trend,exploratory,lag_tdc_bank_only_qoq|lag_fedfunds|lag_unemployment|lag_inflation|quarter_index,domestic_nonfinancial_mmf_reallocation_qoq,7,0.7148758170597276,18.38432522284514,-35.318401619716745,36.7481532538362,61,control_sensitivity,tdc_residual_z,rolling_oos_standard_deviation,cumulative_sum_h0_to_h
lagged_macro_plus_trend,exploratory,lag_tdc_bank_only_qoq|lag_fedfunds|lag_unemployment|lag_inflation|quarter_index,domestic_nonfinancial_mmf_reallocation_qoq,8,-15.807755946881763,17.57008803443777,-50.24512849437979,18.629616600616266,60,control_sensitivity,tdc_residual_z,rolling_oos_standard_deviation,cumulative_sum_h0_to_h
lagged_macro_plus_trend,exploratory,lag_tdc_bank_only_qoq|lag_fedfunds|lag_unemployment|lag_inflation|quarter_index,domestic_nonfinancial_repo_reallocation_qoq,0,0.11759846511765615,0.7284318540535284,-1.3101279688272593,1.5453248990625719,68,control_sensitivity,tdc_residual_z,rolling_oos_standard_deviation,cumulative_sum_h0_to_h
lagged_macro_plus_trend,exploratory,lag_tdc_bank_only_qoq|lag_fedfunds|lag_unemployment|lag_inflation|quarter_index,domestic_nonfinancial_repo_reallocation_qoq,1,-0.47567756371206527,1.0818139295605038,-2.5960328656506526,1.6446777382265223,67,control_sensitivity,tdc_residual_z,rolling_oos_standard_deviation,cumulative_sum_h0_to_h
lagged_macro_plus_trend,exploratory,lag_tdc_bank_only_qoq|lag_fedfunds|lag_unemployment|lag_inflation|quarter_index,domestic_nonfinancial_repo_reallocation_qoq,2,-0.569719957998334,1.3390755142992736,-3.1943079660249105,2.0548680500282424,66,control_sensitivity,tdc_residual_z,rolling_oos_standard_deviation,cumulative_sum_h0_to_h
lagged_macro_plus_trend,exploratory,lag_tdc_bank_only_qoq|lag_fedfunds|lag_unemployment|lag_inflation|quarter_index,domestic_nonfinancial_repo_reallocation_qoq,3,-0.6625957031376188,1.3219243701077015,-3.2535674685487135,1.9283760622734758,65,control_sensitivity,tdc_residual_z,rolling_oos_standard_deviation,cumulative_sum_h0_to_h
lagged_macro_plus_trend,exploratory,lag_tdc_bank_only_qoq|lag_fedfunds|lag_unemployment|lag_inflation|quarter_index,domestic_nonfinancial_repo_reallocation_qoq,4,-0.3515943080162321,1.1375494392396,-2.5811912089258477,1.8780025928933837,64,control_sensitivity,tdc_residual_z,rolling_oos_standard_deviation,cumulative_sum_h0_to_h
lagged_macro_plus_trend,exploratory,lag_tdc_bank_only_qoq|lag_fedfunds|lag_unemployment|lag_inflation|quarter_index,domestic_nonfinancial_repo_reallocation_qoq,5,-0.24445738773505465,1.8123033246983622,-3.7965719041438444,3.3076571286737355,63,control_sensitivity,tdc_residual_z,rolling_oos_standard_deviation,cumulative_sum_h0_to_h
lagged_macro_plus_trend,exploratory,lag_tdc_bank_only_qoq|lag_fedfunds|lag_unemployment|lag_inflation|quarter_index,domestic_nonfinancial_repo_reallocation_qoq,6,-0.7087637852859081,1.8105162703151678,-4.257375675103637,2.839848104531821,62,control_sensitivity,tdc_residual_z,rolling_oos_standard_deviation,cumulative_sum_h0_to_h
lagged_macro_plus_trend,exploratory,lag_tdc_bank_only_qoq|lag_fedfunds|lag_unemployment|lag_inflation|quarter_index,domestic_nonfinancial_repo_reallocation_qoq,7,-1.0653272555843176,1.8618412985170678,-4.71453620067777,2.5838816895091354,61,control_sensitivity,tdc_residual_z,rolling_oos_standard_deviation,cumulative_sum_h0_to_h
lagged_macro_plus_trend,exploratory,lag_tdc_bank_only_qoq|lag_fedfunds|lag_unemployment|lag_inflation|quarter_index,domestic_nonfinancial_repo_reallocation_qoq,8,-1.7545969118232863,1.5962775167576393,-4.883300844668259,1.3741070210216868,60,control_sensitivity,tdc_residual_z,rolling_oos_standard_deviation,cumulative_sum_h0_to_h
