treatment_variant,treatment_role,treatment_family,target,outcome,horizon,beta,se,lower95,upper95,n,spec_name,shock_column,decomposition_mode,outcome_construction,inference_method
broad_depository,exploratory,measurement,tdc_broad_depository_qoq,tdc_broad_depository_qoq,0,45.49063341095628,22.02815948112312,16.823795380939785,87.42891747884154,67,identity_measurement_ladder,tdc_broad_depository_residual_z,exact_identity_baseline,estimated_common_design,circular_block_bootstrap_4q_40reps
broad_depository,exploratory,measurement,tdc_broad_depository_qoq,total_deposits_bank_qoq,0,29.71910918144276,13.01530390664308,11.635051520311059,59.93162196789428,67,identity_measurement_ladder,tdc_broad_depository_residual_z,exact_identity_baseline,estimated_common_design,circular_block_bootstrap_4q_40reps
broad_depository,exploratory,measurement,tdc_broad_depository_qoq,other_component_qoq,0,-15.771524229513517,19.48130977405726,-66.92463443537663,3.90935223754599,67,identity_measurement_ladder,tdc_broad_depository_residual_z,exact_identity_baseline,derived_total_minus_tdc,circular_block_bootstrap_4q_40reps
broad_depository,exploratory,measurement,tdc_broad_depository_qoq,tdc_broad_depository_qoq,1,64.79601148063094,41.47687872706341,20.707136293477486,139.73228953722236,66,identity_measurement_ladder,tdc_broad_depository_residual_z,exact_identity_baseline,estimated_common_design,circular_block_bootstrap_4q_40reps
broad_depository,exploratory,measurement,tdc_broad_depository_qoq,total_deposits_bank_qoq,1,57.870954482420835,47.41756530111173,12.492535236493124,171.71647355238116,66,identity_measurement_ladder,tdc_broad_depository_residual_z,exact_identity_baseline,estimated_common_design,circular_block_bootstrap_4q_40reps
broad_depository,exploratory,measurement,tdc_broad_depository_qoq,other_component_qoq,1,-6.925056998210103,33.1982754563121,-79.50907800399611,51.54280911666583,66,identity_measurement_ladder,tdc_broad_depository_residual_z,exact_identity_baseline,derived_total_minus_tdc,circular_block_bootstrap_4q_40reps
broad_depository,exploratory,measurement,tdc_broad_depository_qoq,tdc_broad_depository_qoq,2,81.28983580424816,45.07593900987033,22.744758644698024,204.58656603430964,65,identity_measurement_ladder,tdc_broad_depository_residual_z,exact_identity_baseline,estimated_common_design,circular_block_bootstrap_4q_40reps
broad_depository,exploratory,measurement,tdc_broad_depository_qoq,total_deposits_bank_qoq,2,71.1911526444901,53.19674263008548,24.600396847327474,249.22298507980605,65,identity_measurement_ladder,tdc_broad_depository_residual_z,exact_identity_baseline,estimated_common_design,circular_block_bootstrap_4q_40reps
broad_depository,exploratory,measurement,tdc_broad_depository_qoq,other_component_qoq,2,-10.098683159758053,30.448037835554917,-60.60446112115755,56.54650683727778,65,identity_measurement_ladder,tdc_broad_depository_residual_z,exact_identity_baseline,derived_total_minus_tdc,circular_block_bootstrap_4q_40reps
broad_depository,exploratory,measurement,tdc_broad_depository_qoq,tdc_broad_depository_qoq,3,72.61721781738505,58.14498502666678,-5.343462825973506,183.55685794663574,64,identity_measurement_ladder,tdc_broad_depository_residual_z,exact_identity_baseline,estimated_common_design,circular_block_bootstrap_4q_40reps
broad_depository,exploratory,measurement,tdc_broad_depository_qoq,total_deposits_bank_qoq,3,91.16393805580482,61.344926135350065,2.7590088970517703,217.37049320284459,64,identity_measurement_ladder,tdc_broad_depository_residual_z,exact_identity_baseline,estimated_common_design,circular_block_bootstrap_4q_40reps
broad_depository,exploratory,measurement,tdc_broad_depository_qoq,other_component_qoq,3,18.546720238419766,26.915397320720537,-38.900609154559426,57.92774640945011,64,identity_measurement_ladder,tdc_broad_depository_residual_z,exact_identity_baseline,derived_total_minus_tdc,circular_block_bootstrap_4q_40reps
broad_depository,exploratory,measurement,tdc_broad_depository_qoq,tdc_broad_depository_qoq,4,94.71158499488995,41.773103042041605,22.51739950172049,171.89491798064734,63,identity_measurement_ladder,tdc_broad_depository_residual_z,exact_identity_baseline,estimated_common_design,circular_block_bootstrap_4q_40reps
broad_depository,exploratory,measurement,tdc_broad_depository_qoq,total_deposits_bank_qoq,4,106.81316907537072,42.34369965952405,20.807319180417927,155.15185542960265,63,identity_measurement_ladder,tdc_broad_depository_residual_z,exact_identity_baseline,estimated_common_design,circular_block_bootstrap_4q_40reps
broad_depository,exploratory,measurement,tdc_broad_depository_qoq,other_component_qoq,4,12.101584080480777,21.12326464672393,-40.67604217995696,36.530727886003355,63,identity_measurement_ladder,tdc_broad_depository_residual_z,exact_identity_baseline,derived_total_minus_tdc,circular_block_bootstrap_4q_40reps
broad_depository,exploratory,measurement,tdc_broad_depository_qoq,tdc_broad_depository_qoq,5,101.30030599878069,87.97499591401811,8.761273029761524,292.0339314796331,62,identity_measurement_ladder,tdc_broad_depository_residual_z,exact_identity_baseline,estimated_common_design,circular_block_bootstrap_4q_40reps
broad_depository,exploratory,measurement,tdc_broad_depository_qoq,total_deposits_bank_qoq,5,113.26804477501081,85.17757498949773,-0.3910330814249323,268.3374527728766,62,identity_measurement_ladder,tdc_broad_depository_residual_z,exact_identity_baseline,estimated_common_design,circular_block_bootstrap_4q_40reps
broad_depository,exploratory,measurement,tdc_broad_depository_qoq,other_component_qoq,5,11.96773877623012,27.060404611617063,-49.778339602323214,47.19257980286831,62,identity_measurement_ladder,tdc_broad_depository_residual_z,exact_identity_baseline,derived_total_minus_tdc,circular_block_bootstrap_4q_40reps
broad_depository,exploratory,measurement,tdc_broad_depository_qoq,tdc_broad_depository_qoq,6,130.73083967043857,93.84226401265383,14.390512582059118,344.972531849514,61,identity_measurement_ladder,tdc_broad_depository_residual_z,exact_identity_baseline,estimated_common_design,circular_block_bootstrap_4q_40reps
broad_depository,exploratory,measurement,tdc_broad_depository_qoq,total_deposits_bank_qoq,6,111.90083968644103,77.2741873795616,13.433685708622011,284.8355964948001,61,identity_measurement_ladder,tdc_broad_depository_residual_z,exact_identity_baseline,estimated_common_design,circular_block_bootstrap_4q_40reps
broad_depository,exploratory,measurement,tdc_broad_depository_qoq,other_component_qoq,6,-18.82999998399754,25.532995493789816,-66.97005410557666,10.231760059406328,61,identity_measurement_ladder,tdc_broad_depository_residual_z,exact_identity_baseline,derived_total_minus_tdc,circular_block_bootstrap_4q_40reps
broad_depository,exploratory,measurement,tdc_broad_depository_qoq,tdc_broad_depository_qoq,7,131.5512572574175,124.75404492625354,26.39313772993816,451.32201516713513,60,identity_measurement_ladder,tdc_broad_depository_residual_z,exact_identity_baseline,estimated_common_design,circular_block_bootstrap_4q_40reps
broad_depository,exploratory,measurement,tdc_broad_depository_qoq,total_deposits_bank_qoq,7,115.59474993952438,101.50430656552291,4.0614472184524235,336.99676325040946,60,identity_measurement_ladder,tdc_broad_depository_residual_z,exact_identity_baseline,estimated_common_design,circular_block_bootstrap_4q_40reps
broad_depository,exploratory,measurement,tdc_broad_depository_qoq,other_component_qoq,7,-15.956507317893113,38.669139319741106,-103.31351698111389,48.12583747135065,60,identity_measurement_ladder,tdc_broad_depository_residual_z,exact_identity_baseline,derived_total_minus_tdc,circular_block_bootstrap_4q_40reps
broad_depository,exploratory,measurement,tdc_broad_depository_qoq,tdc_broad_depository_qoq,8,139.51966400058018,92.42634216283771,-6.565063429639425,300.2194975192488,59,identity_measurement_ladder,tdc_broad_depository_residual_z,exact_identity_baseline,estimated_common_design,circular_block_bootstrap_4q_40reps
broad_depository,exploratory,measurement,tdc_broad_depository_qoq,total_deposits_bank_qoq,8,120.1005790236276,69.70237934810821,4.4042916643054415,282.296148120242,59,identity_measurement_ladder,tdc_broad_depository_residual_z,exact_identity_baseline,estimated_common_design,circular_block_bootstrap_4q_40reps
broad_depository,exploratory,measurement,tdc_broad_depository_qoq,other_component_qoq,8,-19.419084976952576,49.27259244820236,-153.01496707509642,13.550821173523499,59,identity_measurement_ladder,tdc_broad_depository_residual_z,exact_identity_baseline,derived_total_minus_tdc,circular_block_bootstrap_4q_40reps
domestic_bank_only,exploratory,measurement,tdc_domestic_bank_only_qoq,tdc_domestic_bank_only_qoq,0,121.43506301279888,20.15367752001472,83.33716169722652,155.87455391161288,68,identity_measurement_ladder,tdc_domestic_bank_only_residual_z,exact_identity_baseline,estimated_common_design,circular_block_bootstrap_4q_40reps
domestic_bank_only,exploratory,measurement,tdc_domestic_bank_only_qoq,total_deposits_bank_qoq,0,68.66197083010917,25.091265224322868,22.575479175553912,99.26512521038356,68,identity_measurement_ladder,tdc_domestic_bank_only_residual_z,exact_identity_baseline,estimated_common_design,circular_block_bootstrap_4q_40reps
domestic_bank_only,exploratory,measurement,tdc_domestic_bank_only_qoq,other_component_qoq,0,-52.77309218268971,23.648678870841305,-100.36758674323063,-29.226536357236522,68,identity_measurement_ladder,tdc_domestic_bank_only_residual_z,exact_identity_baseline,derived_total_minus_tdc,circular_block_bootstrap_4q_40reps
domestic_bank_only,exploratory,measurement,tdc_domestic_bank_only_qoq,tdc_domestic_bank_only_qoq,1,165.03303216835923,37.199713703806225,106.05339296940048,236.95429675444325,67,identity_measurement_ladder,tdc_domestic_bank_only_residual_z,exact_identity_baseline,estimated_common_design,circular_block_bootstrap_4q_40reps
domestic_bank_only,exploratory,measurement,tdc_domestic_bank_only_qoq,total_deposits_bank_qoq,1,140.7622987757545,58.5145066491033,22.135808521609754,227.60784058984348,67,identity_measurement_ladder,tdc_domestic_bank_only_residual_z,exact_identity_baseline,estimated_common_design,circular_block_bootstrap_4q_40reps
domestic_bank_only,exploratory,measurement,tdc_domestic_bank_only_qoq,other_component_qoq,1,-24.27073339260474,63.67048068712889,-134.1352639669848,64.96697487551133,67,identity_measurement_ladder,tdc_domestic_bank_only_residual_z,exact_identity_baseline,derived_total_minus_tdc,circular_block_bootstrap_4q_40reps
domestic_bank_only,exploratory,measurement,tdc_domestic_bank_only_qoq,tdc_domestic_bank_only_qoq,2,212.38225910760357,43.15441805305688,151.30543338898153,305.91337854579126,66,identity_measurement_ladder,tdc_domestic_bank_only_residual_z,exact_identity_baseline,estimated_common_design,circular_block_bootstrap_4q_40reps
domestic_bank_only,exploratory,measurement,tdc_domestic_bank_only_qoq,total_deposits_bank_qoq,2,171.43399775457533,56.47969279914475,69.45319365635575,241.7414136987748,66,identity_measurement_ladder,tdc_domestic_bank_only_residual_z,exact_identity_baseline,estimated_common_design,circular_block_bootstrap_4q_40reps
domestic_bank_only,exploratory,measurement,tdc_domestic_bank_only_qoq,other_component_qoq,2,-40.94826135302824,67.44229893641854,-170.75166742309608,57.16973707786284,66,identity_measurement_ladder,tdc_domestic_bank_only_residual_z,exact_identity_baseline,derived_total_minus_tdc,circular_block_bootstrap_4q_40reps
domestic_bank_only,exploratory,measurement,tdc_domestic_bank_only_qoq,tdc_domestic_bank_only_qoq,3,213.6281796715919,55.46064390091685,105.90385721288882,305.1552533485495,65,identity_measurement_ladder,tdc_domestic_bank_only_residual_z,exact_identity_baseline,estimated_common_design,circular_block_bootstrap_4q_40reps
domestic_bank_only,exploratory,measurement,tdc_domestic_bank_only_qoq,total_deposits_bank_qoq,3,200.71118578623452,67.80850431492652,60.285560076135155,294.82597447293915,65,identity_measurement_ladder,tdc_domestic_bank_only_residual_z,exact_identity_baseline,estimated_common_design,circular_block_bootstrap_4q_40reps
domestic_bank_only,exploratory,measurement,tdc_domestic_bank_only_qoq,other_component_qoq,3,-12.916993885357385,52.45132089131652,-109.50542572243879,56.30086358913512,65,identity_measurement_ladder,tdc_domestic_bank_only_residual_z,exact_identity_baseline,derived_total_minus_tdc,circular_block_bootstrap_4q_40reps
domestic_bank_only,exploratory,measurement,tdc_domestic_bank_only_qoq,tdc_domestic_bank_only_qoq,4,257.69534690282995,71.37116705849414,141.4008612620621,373.47281800073523,64,identity_measurement_ladder,tdc_domestic_bank_only_residual_z,exact_identity_baseline,estimated_common_design,circular_block_bootstrap_4q_40reps
domestic_bank_only,exploratory,measurement,tdc_domestic_bank_only_qoq,total_deposits_bank_qoq,4,230.3985232137405,77.77216349309471,78.72277827629613,361.422258821378,64,identity_measurement_ladder,tdc_domestic_bank_only_residual_z,exact_identity_baseline,estimated_common_design,circular_block_bootstrap_4q_40reps
domestic_bank_only,exploratory,measurement,tdc_domestic_bank_only_qoq,other_component_qoq,4,-27.29682368908945,43.9479310868509,-123.52191910480181,31.59890901542471,64,identity_measurement_ladder,tdc_domestic_bank_only_residual_z,exact_identity_baseline,derived_total_minus_tdc,circular_block_bootstrap_4q_40reps
domestic_bank_only,exploratory,measurement,tdc_domestic_bank_only_qoq,tdc_domestic_bank_only_qoq,5,278.0246353196765,77.88467897346403,94.57443547192845,384.8286993317614,63,identity_measurement_ladder,tdc_domestic_bank_only_residual_z,exact_identity_baseline,estimated_common_design,circular_block_bootstrap_4q_40reps
domestic_bank_only,exploratory,measurement,tdc_domestic_bank_only_qoq,total_deposits_bank_qoq,5,219.39294943321553,82.582719746302,50.30108337093066,313.18904070769696,63,identity_measurement_ladder,tdc_domestic_bank_only_residual_z,exact_identity_baseline,estimated_common_design,circular_block_bootstrap_4q_40reps
domestic_bank_only,exploratory,measurement,tdc_domestic_bank_only_qoq,other_component_qoq,5,-58.631685886460986,46.10331643253961,-178.94657993865997,-1.6621689227106782,63,identity_measurement_ladder,tdc_domestic_bank_only_residual_z,exact_identity_baseline,derived_total_minus_tdc,circular_block_bootstrap_4q_40reps
domestic_bank_only,exploratory,measurement,tdc_domestic_bank_only_qoq,tdc_domestic_bank_only_qoq,6,327.47665814132955,114.9018525475242,63.740182442866704,430.0736790983094,62,identity_measurement_ladder,tdc_domestic_bank_only_residual_z,exact_identity_baseline,estimated_common_design,circular_block_bootstrap_4q_40reps
domestic_bank_only,exploratory,measurement,tdc_domestic_bank_only_qoq,total_deposits_bank_qoq,6,211.2385102549618,101.56449485432591,2.3988964636371586,314.7132198177322,62,identity_measurement_ladder,tdc_domestic_bank_only_residual_z,exact_identity_baseline,estimated_common_design,circular_block_bootstrap_4q_40reps
domestic_bank_only,exploratory,measurement,tdc_domestic_bank_only_qoq,other_component_qoq,6,-116.23814788636776,42.153583540583746,-212.10557392391146,-32.58152608387895,62,identity_measurement_ladder,tdc_domestic_bank_only_residual_z,exact_identity_baseline,derived_total_minus_tdc,circular_block_bootstrap_4q_40reps
domestic_bank_only,exploratory,measurement,tdc_domestic_bank_only_qoq,tdc_domestic_bank_only_qoq,7,325.1848449971019,132.51469881002132,17.947402787100128,462.6844283303019,61,identity_measurement_ladder,tdc_domestic_bank_only_residual_z,exact_identity_baseline,estimated_common_design,circular_block_bootstrap_4q_40reps
domestic_bank_only,exploratory,measurement,tdc_domestic_bank_only_qoq,total_deposits_bank_qoq,7,219.76416593781155,102.8895694206922,-16.308979041671577,324.58647384710343,61,identity_measurement_ladder,tdc_domestic_bank_only_residual_z,exact_identity_baseline,estimated_common_design,circular_block_bootstrap_4q_40reps
domestic_bank_only,exploratory,measurement,tdc_domestic_bank_only_qoq,other_component_qoq,7,-105.42067905929034,52.00565454462438,-194.0227016266431,9.483491814895782,61,identity_measurement_ladder,tdc_domestic_bank_only_residual_z,exact_identity_baseline,derived_total_minus_tdc,circular_block_bootstrap_4q_40reps
domestic_bank_only,exploratory,measurement,tdc_domestic_bank_only_qoq,tdc_domestic_bank_only_qoq,8,325.69744295586025,103.10483176989833,38.76818437981781,403.05768095135954,60,identity_measurement_ladder,tdc_domestic_bank_only_residual_z,exact_identity_baseline,estimated_common_design,circular_block_bootstrap_4q_40reps
domestic_bank_only,exploratory,measurement,tdc_domestic_bank_only_qoq,total_deposits_bank_qoq,8,218.13997805137478,94.6966901392698,-19.04265784877181,314.7195418927033,60,identity_measurement_ladder,tdc_domestic_bank_only_residual_z,exact_identity_baseline,estimated_common_design,circular_block_bootstrap_4q_40reps
domestic_bank_only,exploratory,measurement,tdc_domestic_bank_only_qoq,other_component_qoq,8,-107.55746490448547,50.473083602209144,-180.51337590832384,-13.734374625767673,60,identity_measurement_ladder,tdc_domestic_bank_only_residual_z,exact_identity_baseline,derived_total_minus_tdc,circular_block_bootstrap_4q_40reps
us_chartered_bank_only,exploratory,measurement,tdc_us_chartered_bank_only_qoq,tdc_us_chartered_bank_only_qoq,0,120.3152568784267,15.41756271651815,91.33410406360383,146.75935522916362,68,identity_measurement_ladder,tdc_us_chartered_bank_only_residual_z,exact_identity_baseline,estimated_common_design,circular_block_bootstrap_4q_40reps
us_chartered_bank_only,exploratory,measurement,tdc_us_chartered_bank_only_qoq,total_deposits_bank_qoq,0,57.201665882527884,22.73302224746962,20.242326987706758,96.71129261937286,68,identity_measurement_ladder,tdc_us_chartered_bank_only_residual_z,exact_identity_baseline,estimated_common_design,circular_block_bootstrap_4q_40reps
us_chartered_bank_only,exploratory,measurement,tdc_us_chartered_bank_only_qoq,other_component_qoq,0,-63.11359099589881,21.464278613325156,-100.54381188970281,-26.370570298216805,68,identity_measurement_ladder,tdc_us_chartered_bank_only_residual_z,exact_identity_baseline,derived_total_minus_tdc,circular_block_bootstrap_4q_40reps
us_chartered_bank_only,exploratory,measurement,tdc_us_chartered_bank_only_qoq,tdc_us_chartered_bank_only_qoq,1,165.9520681082538,29.6908198647901,121.50264343534823,237.61507448125107,67,identity_measurement_ladder,tdc_us_chartered_bank_only_residual_z,exact_identity_baseline,estimated_common_design,circular_block_bootstrap_4q_40reps
us_chartered_bank_only,exploratory,measurement,tdc_us_chartered_bank_only_qoq,total_deposits_bank_qoq,1,122.47465349781675,60.442574733757986,15.29504515015584,211.56973722432917,67,identity_measurement_ladder,tdc_us_chartered_bank_only_residual_z,exact_identity_baseline,estimated_common_design,circular_block_bootstrap_4q_40reps
us_chartered_bank_only,exploratory,measurement,tdc_us_chartered_bank_only_qoq,other_component_qoq,1,-43.47741461043705,63.59136998847192,-151.73652717647653,67.55225753925049,67,identity_measurement_ladder,tdc_us_chartered_bank_only_residual_z,exact_identity_baseline,derived_total_minus_tdc,circular_block_bootstrap_4q_40reps
us_chartered_bank_only,exploratory,measurement,tdc_us_chartered_bank_only_qoq,tdc_us_chartered_bank_only_qoq,2,211.04718234220806,46.83887762836649,126.52469086306247,290.9345636230939,66,identity_measurement_ladder,tdc_us_chartered_bank_only_residual_z,exact_identity_baseline,estimated_common_design,circular_block_bootstrap_4q_40reps
us_chartered_bank_only,exploratory,measurement,tdc_us_chartered_bank_only_qoq,total_deposits_bank_qoq,2,147.92174722713023,65.7017623025031,-36.09813702323962,219.58995494533266,66,identity_measurement_ladder,tdc_us_chartered_bank_only_residual_z,exact_identity_baseline,estimated_common_design,circular_block_bootstrap_4q_40reps
us_chartered_bank_only,exploratory,measurement,tdc_us_chartered_bank_only_qoq,other_component_qoq,2,-63.125435115077835,58.12127753621123,-165.8113643494697,30.524056904130507,66,identity_measurement_ladder,tdc_us_chartered_bank_only_residual_z,exact_identity_baseline,derived_total_minus_tdc,circular_block_bootstrap_4q_40reps
us_chartered_bank_only,exploratory,measurement,tdc_us_chartered_bank_only_qoq,tdc_us_chartered_bank_only_qoq,3,207.24928594778055,57.463993328662525,135.80276716253297,337.5517803942596,65,identity_measurement_ladder,tdc_us_chartered_bank_only_residual_z,exact_identity_baseline,estimated_common_design,circular_block_bootstrap_4q_40reps
us_chartered_bank_only,exploratory,measurement,tdc_us_chartered_bank_only_qoq,total_deposits_bank_qoq,3,170.80737258522106,57.0347910456202,33.787507085444936,219.22595817985237,65,identity_measurement_ladder,tdc_us_chartered_bank_only_residual_z,exact_identity_baseline,estimated_common_design,circular_block_bootstrap_4q_40reps
us_chartered_bank_only,exploratory,measurement,tdc_us_chartered_bank_only_qoq,other_component_qoq,3,-36.44191336255949,57.346941734888944,-170.1648007490791,42.51796538224943,65,identity_measurement_ladder,tdc_us_chartered_bank_only_residual_z,exact_identity_baseline,derived_total_minus_tdc,circular_block_bootstrap_4q_40reps
us_chartered_bank_only,exploratory,measurement,tdc_us_chartered_bank_only_qoq,tdc_us_chartered_bank_only_qoq,4,241.19566407599865,69.25718718570637,69.22711650929705,312.985420413419,64,identity_measurement_ladder,tdc_us_chartered_bank_only_residual_z,exact_identity_baseline,estimated_common_design,circular_block_bootstrap_4q_40reps
us_chartered_bank_only,exploratory,measurement,tdc_us_chartered_bank_only_qoq,total_deposits_bank_qoq,4,194.00377720462467,84.43106321141617,30.51910475085662,305.2922693136241,64,identity_measurement_ladder,tdc_us_chartered_bank_only_residual_z,exact_identity_baseline,estimated_common_design,circular_block_bootstrap_4q_40reps
us_chartered_bank_only,exploratory,measurement,tdc_us_chartered_bank_only_qoq,other_component_qoq,4,-47.19188687137398,36.09475303435071,-108.42517331411736,4.64369719805758,64,identity_measurement_ladder,tdc_us_chartered_bank_only_residual_z,exact_identity_baseline,derived_total_minus_tdc,circular_block_bootstrap_4q_40reps
us_chartered_bank_only,exploratory,measurement,tdc_us_chartered_bank_only_qoq,tdc_us_chartered_bank_only_qoq,5,251.2201696127416,79.43942108794296,59.15974971450315,377.78383475497975,63,identity_measurement_ladder,tdc_us_chartered_bank_only_residual_z,exact_identity_baseline,estimated_common_design,circular_block_bootstrap_4q_40reps
us_chartered_bank_only,exploratory,measurement,tdc_us_chartered_bank_only_qoq,total_deposits_bank_qoq,5,174.42013922016383,95.04956906027002,19.065537058460702,327.35392531258583,63,identity_measurement_ladder,tdc_us_chartered_bank_only_residual_z,exact_identity_baseline,estimated_common_design,circular_block_bootstrap_4q_40reps
us_chartered_bank_only,exploratory,measurement,tdc_us_chartered_bank_only_qoq,other_component_qoq,5,-76.80003039257778,39.15694359603434,-157.03721335079163,-31.0304564255816,63,identity_measurement_ladder,tdc_us_chartered_bank_only_residual_z,exact_identity_baseline,derived_total_minus_tdc,circular_block_bootstrap_4q_40reps
us_chartered_bank_only,exploratory,measurement,tdc_us_chartered_bank_only_qoq,tdc_us_chartered_bank_only_qoq,6,294.6897832250194,97.8321967785242,87.14595840551506,436.43028601184477,62,identity_measurement_ladder,tdc_us_chartered_bank_only_residual_z,exact_identity_baseline,estimated_common_design,circular_block_bootstrap_4q_40reps
us_chartered_bank_only,exploratory,measurement,tdc_us_chartered_bank_only_qoq,total_deposits_bank_qoq,6,161.27310779073696,89.85414138353046,-7.081019447426093,302.7601313796916,62,identity_measurement_ladder,tdc_us_chartered_bank_only_residual_z,exact_identity_baseline,estimated_common_design,circular_block_bootstrap_4q_40reps
us_chartered_bank_only,exploratory,measurement,tdc_us_chartered_bank_only_qoq,other_component_qoq,6,-133.41667543428247,40.2223613130609,-220.96911289639013,-66.6287644119002,62,identity_measurement_ladder,tdc_us_chartered_bank_only_residual_z,exact_identity_baseline,derived_total_minus_tdc,circular_block_bootstrap_4q_40reps
us_chartered_bank_only,exploratory,measurement,tdc_us_chartered_bank_only_qoq,tdc_us_chartered_bank_only_qoq,7,294.2236237541893,123.58347223080354,61.76832521781644,446.92597503337447,61,identity_measurement_ladder,tdc_us_chartered_bank_only_residual_z,exact_identity_baseline,estimated_common_design,circular_block_bootstrap_4q_40reps
us_chartered_bank_only,exploratory,measurement,tdc_us_chartered_bank_only_qoq,total_deposits_bank_qoq,7,169.20641184615522,133.04460224643253,-34.30301022887157,358.3453337815392,61,identity_measurement_ladder,tdc_us_chartered_bank_only_residual_z,exact_identity_baseline,estimated_common_design,circular_block_bootstrap_4q_40reps
us_chartered_bank_only,exploratory,measurement,tdc_us_chartered_bank_only_qoq,other_component_qoq,7,-125.01721190803408,51.62419920782774,-216.63513101091814,-47.05883682658399,61,identity_measurement_ladder,tdc_us_chartered_bank_only_residual_z,exact_identity_baseline,derived_total_minus_tdc,circular_block_bootstrap_4q_40reps
us_chartered_bank_only,exploratory,measurement,tdc_us_chartered_bank_only_qoq,tdc_us_chartered_bank_only_qoq,8,295.325649221157,108.63279177514336,48.02438217636605,459.26021617582893,60,identity_measurement_ladder,tdc_us_chartered_bank_only_residual_z,exact_identity_baseline,estimated_common_design,circular_block_bootstrap_4q_40reps
us_chartered_bank_only,exploratory,measurement,tdc_us_chartered_bank_only_qoq,total_deposits_bank_qoq,8,169.38808890502816,103.25604215962073,-20.502780243537664,314.29479900060477,60,identity_measurement_ladder,tdc_us_chartered_bank_only_residual_z,exact_identity_baseline,estimated_common_design,circular_block_bootstrap_4q_40reps
us_chartered_bank_only,exploratory,measurement,tdc_us_chartered_bank_only_qoq,other_component_qoq,8,-125.93756031612884,58.64955674891033,-276.17676171220774,-47.01413922261565,60,identity_measurement_ladder,tdc_us_chartered_bank_only_residual_z,exact_identity_baseline,derived_total_minus_tdc,circular_block_bootstrap_4q_40reps
core_deposit_proximate,exploratory,measurement,tdc_core_deposit_proximate_bank_only_qoq,tdc_core_deposit_proximate_bank_only_qoq,0,63.097364377454454,9.647244239219837,45.98154529078385,81.87109234230489,68,identity_measurement_ladder,tdc_core_deposit_proximate_bank_only_residual_z,exact_identity_baseline,estimated_common_design,circular_block_bootstrap_4q_40reps
core_deposit_proximate,exploratory,measurement,tdc_core_deposit_proximate_bank_only_qoq,total_deposits_bank_qoq,0,57.58905083509241,25.620019756564155,-14.965363977167863,84.1131265087176,68,identity_measurement_ladder,tdc_core_deposit_proximate_bank_only_residual_z,exact_identity_baseline,estimated_common_design,circular_block_bootstrap_4q_40reps
core_deposit_proximate,exploratory,measurement,tdc_core_deposit_proximate_bank_only_qoq,other_component_qoq,0,-5.508313542362046,19.185628513663566,-60.94690926795171,11.387883382473534,68,identity_measurement_ladder,tdc_core_deposit_proximate_bank_only_residual_z,exact_identity_baseline,derived_total_minus_tdc,circular_block_bootstrap_4q_40reps
core_deposit_proximate,exploratory,measurement,tdc_core_deposit_proximate_bank_only_qoq,tdc_core_deposit_proximate_bank_only_qoq,1,141.60401990915378,21.106875089047985,85.72766710386023,158.94351638677682,67,identity_measurement_ladder,tdc_core_deposit_proximate_bank_only_residual_z,exact_identity_baseline,estimated_common_design,circular_block_bootstrap_4q_40reps
core_deposit_proximate,exploratory,measurement,tdc_core_deposit_proximate_bank_only_qoq,total_deposits_bank_qoq,1,117.88686757981259,40.15619337583213,15.879389428034132,147.75253988834697,67,identity_measurement_ladder,tdc_core_deposit_proximate_bank_only_residual_z,exact_identity_baseline,estimated_common_design,circular_block_bootstrap_4q_40reps
core_deposit_proximate,exploratory,measurement,tdc_core_deposit_proximate_bank_only_qoq,other_component_qoq,1,-23.71715232934119,22.05190171079951,-89.74884107423152,-3.7678093356827853,67,identity_measurement_ladder,tdc_core_deposit_proximate_bank_only_residual_z,exact_identity_baseline,derived_total_minus_tdc,circular_block_bootstrap_4q_40reps
core_deposit_proximate,exploratory,measurement,tdc_core_deposit_proximate_bank_only_qoq,tdc_core_deposit_proximate_bank_only_qoq,2,180.80696891601238,34.673655602829925,90.42353767475254,252.92688742627033,66,identity_measurement_ladder,tdc_core_deposit_proximate_bank_only_residual_z,exact_identity_baseline,estimated_common_design,circular_block_bootstrap_4q_40reps
core_deposit_proximate,exploratory,measurement,tdc_core_deposit_proximate_bank_only_qoq,total_deposits_bank_qoq,2,136.38669842203853,37.91400162809258,25.094653934730257,185.27012808730274,66,identity_measurement_ladder,tdc_core_deposit_proximate_bank_only_residual_z,exact_identity_baseline,estimated_common_design,circular_block_bootstrap_4q_40reps
core_deposit_proximate,exploratory,measurement,tdc_core_deposit_proximate_bank_only_qoq,other_component_qoq,2,-44.420270493973845,12.740229160455982,-70.5087043165107,-25.74296975836549,66,identity_measurement_ladder,tdc_core_deposit_proximate_bank_only_residual_z,exact_identity_baseline,derived_total_minus_tdc,circular_block_bootstrap_4q_40reps
core_deposit_proximate,exploratory,measurement,tdc_core_deposit_proximate_bank_only_qoq,tdc_core_deposit_proximate_bank_only_qoq,3,202.50645513545493,49.940264662631755,77.85161369637117,259.96130032862925,65,identity_measurement_ladder,tdc_core_deposit_proximate_bank_only_residual_z,exact_identity_baseline,estimated_common_design,circular_block_bootstrap_4q_40reps
core_deposit_proximate,exploratory,measurement,tdc_core_deposit_proximate_bank_only_qoq,total_deposits_bank_qoq,3,159.77150992926238,51.68786027517131,46.3824535110094,223.25996005276056,65,identity_measurement_ladder,tdc_core_deposit_proximate_bank_only_residual_z,exact_identity_baseline,estimated_common_design,circular_block_bootstrap_4q_40reps
core_deposit_proximate,exploratory,measurement,tdc_core_deposit_proximate_bank_only_qoq,other_component_qoq,3,-42.73494520619255,18.660982567471937,-83.1739325628582,-16.473120651942057,65,identity_measurement_ladder,tdc_core_deposit_proximate_bank_only_residual_z,exact_identity_baseline,derived_total_minus_tdc,circular_block_bootstrap_4q_40reps
core_deposit_proximate,exploratory,measurement,tdc_core_deposit_proximate_bank_only_qoq,tdc_core_deposit_proximate_bank_only_qoq,4,212.64368952952745,73.64666440404697,32.32426522500467,234.81722890320552,64,identity_measurement_ladder,tdc_core_deposit_proximate_bank_only_residual_z,exact_identity_baseline,estimated_common_design,circular_block_bootstrap_4q_40reps
core_deposit_proximate,exploratory,measurement,tdc_core_deposit_proximate_bank_only_qoq,total_deposits_bank_qoq,4,169.47198317892202,95.15398044443256,-54.63859301160528,216.4157218756471,64,identity_measurement_ladder,tdc_core_deposit_proximate_bank_only_residual_z,exact_identity_baseline,estimated_common_design,circular_block_bootstrap_4q_40reps
core_deposit_proximate,exploratory,measurement,tdc_core_deposit_proximate_bank_only_qoq,other_component_qoq,4,-43.17170635060543,35.960239555476164,-128.87161118822846,-17.00922976960978,64,identity_measurement_ladder,tdc_core_deposit_proximate_bank_only_residual_z,exact_identity_baseline,derived_total_minus_tdc,circular_block_bootstrap_4q_40reps
core_deposit_proximate,exploratory,measurement,tdc_core_deposit_proximate_bank_only_qoq,tdc_core_deposit_proximate_bank_only_qoq,5,218.7125884347035,63.84267707037161,39.858188491469406,300.39129476131575,63,identity_measurement_ladder,tdc_core_deposit_proximate_bank_only_residual_z,exact_identity_baseline,estimated_common_design,circular_block_bootstrap_4q_40reps
core_deposit_proximate,exploratory,measurement,tdc_core_deposit_proximate_bank_only_qoq,total_deposits_bank_qoq,5,162.21279184779294,75.53352545860871,-16.76866556821984,245.26650723871367,63,identity_measurement_ladder,tdc_core_deposit_proximate_bank_only_residual_z,exact_identity_baseline,estimated_common_design,circular_block_bootstrap_4q_40reps
core_deposit_proximate,exploratory,measurement,tdc_core_deposit_proximate_bank_only_qoq,other_component_qoq,5,-56.49979658691055,22.703205366390183,-103.57354953638956,-23.7879758727598,63,identity_measurement_ladder,tdc_core_deposit_proximate_bank_only_residual_z,exact_identity_baseline,derived_total_minus_tdc,circular_block_bootstrap_4q_40reps
core_deposit_proximate,exploratory,measurement,tdc_core_deposit_proximate_bank_only_qoq,tdc_core_deposit_proximate_bank_only_qoq,6,230.27823798129455,78.30277487603453,6.938429799828144,298.75092228448517,62,identity_measurement_ladder,tdc_core_deposit_proximate_bank_only_residual_z,exact_identity_baseline,estimated_common_design,circular_block_bootstrap_4q_40reps
core_deposit_proximate,exploratory,measurement,tdc_core_deposit_proximate_bank_only_qoq,total_deposits_bank_qoq,6,167.69677427917986,93.63148370485486,-78.39117718204581,235.89249884683792,62,identity_measurement_ladder,tdc_core_deposit_proximate_bank_only_residual_z,exact_identity_baseline,estimated_common_design,circular_block_bootstrap_4q_40reps
core_deposit_proximate,exploratory,measurement,tdc_core_deposit_proximate_bank_only_qoq,other_component_qoq,6,-62.58146370211469,27.851182852864504,-127.55745002029042,-31.054058636701054,62,identity_measurement_ladder,tdc_core_deposit_proximate_bank_only_residual_z,exact_identity_baseline,derived_total_minus_tdc,circular_block_bootstrap_4q_40reps
core_deposit_proximate,exploratory,measurement,tdc_core_deposit_proximate_bank_only_qoq,tdc_core_deposit_proximate_bank_only_qoq,7,243.109662355842,83.19325342015026,38.67497414786661,318.20032905922096,61,identity_measurement_ladder,tdc_core_deposit_proximate_bank_only_residual_z,exact_identity_baseline,estimated_common_design,circular_block_bootstrap_4q_40reps
core_deposit_proximate,exploratory,measurement,tdc_core_deposit_proximate_bank_only_qoq,total_deposits_bank_qoq,7,184.51295931756283,102.34472419088594,-55.84166134138253,279.4458601419382,61,identity_measurement_ladder,tdc_core_deposit_proximate_bank_only_residual_z,exact_identity_baseline,estimated_common_design,circular_block_bootstrap_4q_40reps
core_deposit_proximate,exploratory,measurement,tdc_core_deposit_proximate_bank_only_qoq,other_component_qoq,7,-58.59670303827917,33.21759698835165,-140.242483462943,-16.517755585999844,61,identity_measurement_ladder,tdc_core_deposit_proximate_bank_only_residual_z,exact_identity_baseline,derived_total_minus_tdc,circular_block_bootstrap_4q_40reps
core_deposit_proximate,exploratory,measurement,tdc_core_deposit_proximate_bank_only_qoq,tdc_core_deposit_proximate_bank_only_qoq,8,250.44523079159632,103.72537355837612,33.634701911646154,335.58787236428594,60,identity_measurement_ladder,tdc_core_deposit_proximate_bank_only_residual_z,exact_identity_baseline,estimated_common_design,circular_block_bootstrap_4q_40reps
core_deposit_proximate,exploratory,measurement,tdc_core_deposit_proximate_bank_only_qoq,total_deposits_bank_qoq,8,183.10946429682852,114.67288005160383,-80.15193608086979,270.9188943104073,60,identity_measurement_ladder,tdc_core_deposit_proximate_bank_only_residual_z,exact_identity_baseline,estimated_common_design,circular_block_bootstrap_4q_40reps
core_deposit_proximate,exploratory,measurement,tdc_core_deposit_proximate_bank_only_qoq,other_component_qoq,8,-67.3357664947678,39.910644214139744,-159.42795553432006,-8.766072597796597,60,identity_measurement_ladder,tdc_core_deposit_proximate_bank_only_residual_z,exact_identity_baseline,derived_total_minus_tdc,circular_block_bootstrap_4q_40reps
no_remit_bank_only,exploratory,measurement,tdc_no_remit_bank_only_qoq,tdc_no_remit_bank_only_qoq,0,128.08452006768587,13.483340025773819,105.06665348028443,154.6613976990471,68,identity_measurement_ladder,tdc_no_remit_bank_only_residual_z,exact_identity_baseline,estimated_common_design,circular_block_bootstrap_4q_40reps
no_remit_bank_only,exploratory,measurement,tdc_no_remit_bank_only_qoq,total_deposits_bank_qoq,0,54.88202161955895,23.2802059030833,15.248364906165476,98.14047873530274,68,identity_measurement_ladder,tdc_no_remit_bank_only_residual_z,exact_identity_baseline,estimated_common_design,circular_block_bootstrap_4q_40reps
no_remit_bank_only,exploratory,measurement,tdc_no_remit_bank_only_qoq,other_component_qoq,0,-73.20249844812693,23.48667201226645,-114.61898481069298,-39.98201829867487,68,identity_measurement_ladder,tdc_no_remit_bank_only_residual_z,exact_identity_baseline,derived_total_minus_tdc,circular_block_bootstrap_4q_40reps
no_remit_bank_only,exploratory,measurement,tdc_no_remit_bank_only_qoq,tdc_no_remit_bank_only_qoq,1,177.2086840949548,27.948172257608594,110.47061324238473,205.62147922219987,67,identity_measurement_ladder,tdc_no_remit_bank_only_residual_z,exact_identity_baseline,estimated_common_design,circular_block_bootstrap_4q_40reps
no_remit_bank_only,exploratory,measurement,tdc_no_remit_bank_only_qoq,total_deposits_bank_qoq,1,94.26243912666294,70.38754093529593,-20.172900584463772,226.78737544760975,67,identity_measurement_ladder,tdc_no_remit_bank_only_residual_z,exact_identity_baseline,estimated_common_design,circular_block_bootstrap_4q_40reps
no_remit_bank_only,exploratory,measurement,tdc_no_remit_bank_only_qoq,other_component_qoq,1,-82.94624496829186,57.97642430218923,-142.32751133182967,74.59973907236483,67,identity_measurement_ladder,tdc_no_remit_bank_only_residual_z,exact_identity_baseline,derived_total_minus_tdc,circular_block_bootstrap_4q_40reps
no_remit_bank_only,exploratory,measurement,tdc_no_remit_bank_only_qoq,tdc_no_remit_bank_only_qoq,2,238.6385231483044,41.083578561393594,151.85650762254036,288.6197774770493,66,identity_measurement_ladder,tdc_no_remit_bank_only_residual_z,exact_identity_baseline,estimated_common_design,circular_block_bootstrap_4q_40reps
no_remit_bank_only,exploratory,measurement,tdc_no_remit_bank_only_qoq,total_deposits_bank_qoq,2,117.5637608455321,61.38740693235629,16.69580543380511,227.24181360892285,66,identity_measurement_ladder,tdc_no_remit_bank_only_residual_z,exact_identity_baseline,estimated_common_design,circular_block_bootstrap_4q_40reps
no_remit_bank_only,exploratory,measurement,tdc_no_remit_bank_only_qoq,other_component_qoq,2,-121.07476230277229,69.69858201834035,-226.38710852612405,25.89588494144306,66,identity_measurement_ladder,tdc_no_remit_bank_only_residual_z,exact_identity_baseline,derived_total_minus_tdc,circular_block_bootstrap_4q_40reps
no_remit_bank_only,exploratory,measurement,tdc_no_remit_bank_only_qoq,tdc_no_remit_bank_only_qoq,3,228.34641777226642,65.12472227300363,89.73230514781008,313.9958743994838,65,identity_measurement_ladder,tdc_no_remit_bank_only_residual_z,exact_identity_baseline,estimated_common_design,circular_block_bootstrap_4q_40reps
no_remit_bank_only,exploratory,measurement,tdc_no_remit_bank_only_qoq,total_deposits_bank_qoq,3,145.5903179639756,92.03832804810247,-7.878556704326977,293.40568384142915,65,identity_measurement_ladder,tdc_no_remit_bank_only_residual_z,exact_identity_baseline,estimated_common_design,circular_block_bootstrap_4q_40reps
no_remit_bank_only,exploratory,measurement,tdc_no_remit_bank_only_qoq,other_component_qoq,3,-82.75609980829083,70.85054684445771,-186.8592811078587,90.46946010861875,65,identity_measurement_ladder,tdc_no_remit_bank_only_residual_z,exact_identity_baseline,derived_total_minus_tdc,circular_block_bootstrap_4q_40reps
no_remit_bank_only,exploratory,measurement,tdc_no_remit_bank_only_qoq,tdc_no_remit_bank_only_qoq,4,279.5363606646536,67.83833184354016,105.00458548250633,367.86622265468753,64,identity_measurement_ladder,tdc_no_remit_bank_only_residual_z,exact_identity_baseline,estimated_common_design,circular_block_bootstrap_4q_40reps
no_remit_bank_only,exploratory,measurement,tdc_no_remit_bank_only_qoq,total_deposits_bank_qoq,4,166.63999787985875,84.01188616815854,-27.706773614083776,301.52182845116977,64,identity_measurement_ladder,tdc_no_remit_bank_only_residual_z,exact_identity_baseline,estimated_common_design,circular_block_bootstrap_4q_40reps
no_remit_bank_only,exploratory,measurement,tdc_no_remit_bank_only_qoq,other_component_qoq,4,-112.89636278479486,44.92231329849165,-159.79531214739316,1.325675348132293,64,identity_measurement_ladder,tdc_no_remit_bank_only_residual_z,exact_identity_baseline,derived_total_minus_tdc,circular_block_bootstrap_4q_40reps
no_remit_bank_only,exploratory,measurement,tdc_no_remit_bank_only_qoq,tdc_no_remit_bank_only_qoq,5,278.12967197871757,77.6233674169528,123.7838977300589,381.69130115605776,63,identity_measurement_ladder,tdc_no_remit_bank_only_residual_z,exact_identity_baseline,estimated_common_design,circular_block_bootstrap_4q_40reps
no_remit_bank_only,exploratory,measurement,tdc_no_remit_bank_only_qoq,total_deposits_bank_qoq,5,143.7027922056427,92.94864618371545,-10.549429482560024,279.44721786834947,63,identity_measurement_ladder,tdc_no_remit_bank_only_residual_z,exact_identity_baseline,estimated_common_design,circular_block_bootstrap_4q_40reps
no_remit_bank_only,exploratory,measurement,tdc_no_remit_bank_only_qoq,other_component_qoq,5,-134.42687977307486,47.16792127789654,-210.9734962062594,-38.727452018003945,63,identity_measurement_ladder,tdc_no_remit_bank_only_residual_z,exact_identity_baseline,derived_total_minus_tdc,circular_block_bootstrap_4q_40reps
no_remit_bank_only,exploratory,measurement,tdc_no_remit_bank_only_qoq,tdc_no_remit_bank_only_qoq,6,326.3890406268473,109.35133266661543,105.17408489401296,546.207586379258,62,identity_measurement_ladder,tdc_no_remit_bank_only_residual_z,exact_identity_baseline,estimated_common_design,circular_block_bootstrap_4q_40reps
no_remit_bank_only,exploratory,measurement,tdc_no_remit_bank_only_qoq,total_deposits_bank_qoq,6,116.54064762885568,112.27653998002445,-95.12057189407142,370.27395146409907,62,identity_measurement_ladder,tdc_no_remit_bank_only_residual_z,exact_identity_baseline,estimated_common_design,circular_block_bootstrap_4q_40reps
no_remit_bank_only,exploratory,measurement,tdc_no_remit_bank_only_qoq,other_component_qoq,6,-209.84839299799162,53.383463938552296,-294.3861125427493,-111.84787990577169,62,identity_measurement_ladder,tdc_no_remit_bank_only_residual_z,exact_identity_baseline,derived_total_minus_tdc,circular_block_bootstrap_4q_40reps
no_remit_bank_only,exploratory,measurement,tdc_no_remit_bank_only_qoq,tdc_no_remit_bank_only_qoq,7,318.7469597181081,141.9393097166989,52.81553657881526,568.7322069962303,61,identity_measurement_ladder,tdc_no_remit_bank_only_residual_z,exact_identity_baseline,estimated_common_design,circular_block_bootstrap_4q_40reps
no_remit_bank_only,exploratory,measurement,tdc_no_remit_bank_only_qoq,total_deposits_bank_qoq,7,115.43464862935396,138.5294279759709,-116.25782201360762,381.016055571385,61,identity_measurement_ladder,tdc_no_remit_bank_only_residual_z,exact_identity_baseline,estimated_common_design,circular_block_bootstrap_4q_40reps
no_remit_bank_only,exploratory,measurement,tdc_no_remit_bank_only_qoq,other_component_qoq,7,-203.31231108875414,70.34830583501731,-320.04953375632437,-73.01848864682788,61,identity_measurement_ladder,tdc_no_remit_bank_only_residual_z,exact_identity_baseline,derived_total_minus_tdc,circular_block_bootstrap_4q_40reps
no_remit_bank_only,exploratory,measurement,tdc_no_remit_bank_only_qoq,tdc_no_remit_bank_only_qoq,8,353.0788711989502,120.72424266193362,95.96635357736646,579.6615518223093,60,identity_measurement_ladder,tdc_no_remit_bank_only_residual_z,exact_identity_baseline,estimated_common_design,circular_block_bootstrap_4q_40reps
no_remit_bank_only,exploratory,measurement,tdc_no_remit_bank_only_qoq,total_deposits_bank_qoq,8,115.07076041647258,120.68179463192486,-54.173121976853025,350.87413314146426,60,identity_measurement_ladder,tdc_no_remit_bank_only_residual_z,exact_identity_baseline,estimated_common_design,circular_block_bootstrap_4q_40reps
no_remit_bank_only,exploratory,measurement,tdc_no_remit_bank_only_qoq,other_component_qoq,8,-238.00811078247762,64.45387815013255,-319.6458745492668,-88.65162231228351,60,identity_measurement_ladder,tdc_no_remit_bank_only_residual_z,exact_identity_baseline,derived_total_minus_tdc,circular_block_bootstrap_4q_40reps
credit_union_sensitive,exploratory,measurement,tdc_credit_union_sensitive_qoq,tdc_credit_union_sensitive_qoq,0,128.4552531049536,12.33339399857254,104.33881818864656,152.24591946688614,68,identity_measurement_ladder,tdc_credit_union_sensitive_residual_z,exact_identity_baseline,estimated_common_design,circular_block_bootstrap_4q_40reps
credit_union_sensitive,exploratory,measurement,tdc_credit_union_sensitive_qoq,total_deposits_bank_qoq,0,55.53500436904736,22.44685110212693,13.026280090944399,102.96776675409816,68,identity_measurement_ladder,tdc_credit_union_sensitive_residual_z,exact_identity_baseline,estimated_common_design,circular_block_bootstrap_4q_40reps
credit_union_sensitive,exploratory,measurement,tdc_credit_union_sensitive_qoq,other_component_qoq,0,-72.92024873590626,21.048202205833334,-108.54652219677598,-37.16487502263431,68,identity_measurement_ladder,tdc_credit_union_sensitive_residual_z,exact_identity_baseline,derived_total_minus_tdc,circular_block_bootstrap_4q_40reps
credit_union_sensitive,exploratory,measurement,tdc_credit_union_sensitive_qoq,tdc_credit_union_sensitive_qoq,1,178.46663121383128,24.684640929934922,117.4076377928111,212.31033960781104,67,identity_measurement_ladder,tdc_credit_union_sensitive_residual_z,exact_identity_baseline,estimated_common_design,circular_block_bootstrap_4q_40reps
credit_union_sensitive,exploratory,measurement,tdc_credit_union_sensitive_qoq,total_deposits_bank_qoq,1,95.36203019159653,48.1743509108525,-11.631630234986606,199.44735026587225,67,identity_measurement_ladder,tdc_credit_union_sensitive_residual_z,exact_identity_baseline,estimated_common_design,circular_block_bootstrap_4q_40reps
credit_union_sensitive,exploratory,measurement,tdc_credit_union_sensitive_qoq,other_component_qoq,1,-83.10460102223475,44.39397951219364,-159.92984243645623,-9.064219386087657,67,identity_measurement_ladder,tdc_credit_union_sensitive_residual_z,exact_identity_baseline,derived_total_minus_tdc,circular_block_bootstrap_4q_40reps
credit_union_sensitive,exploratory,measurement,tdc_credit_union_sensitive_qoq,tdc_credit_union_sensitive_qoq,2,240.37569330899277,61.58012237707734,123.67856060998734,316.9049006313531,66,identity_measurement_ladder,tdc_credit_union_sensitive_residual_z,exact_identity_baseline,estimated_common_design,circular_block_bootstrap_4q_40reps
credit_union_sensitive,exploratory,measurement,tdc_credit_union_sensitive_qoq,total_deposits_bank_qoq,2,119.06122041198105,60.450199258550626,-33.47185792537711,212.91464847035095,66,identity_measurement_ladder,tdc_credit_union_sensitive_residual_z,exact_identity_baseline,estimated_common_design,circular_block_bootstrap_4q_40reps
credit_union_sensitive,exploratory,measurement,tdc_credit_union_sensitive_qoq,other_component_qoq,2,-121.31447289701171,54.334757832431684,-227.14303791099928,-38.77003930965026,66,identity_measurement_ladder,tdc_credit_union_sensitive_residual_z,exact_identity_baseline,derived_total_minus_tdc,circular_block_bootstrap_4q_40reps
credit_union_sensitive,exploratory,measurement,tdc_credit_union_sensitive_qoq,tdc_credit_union_sensitive_qoq,3,229.43248760197508,66.17809580700721,72.10760257029263,311.58516932656914,65,identity_measurement_ladder,tdc_credit_union_sensitive_residual_z,exact_identity_baseline,estimated_common_design,circular_block_bootstrap_4q_40reps
credit_union_sensitive,exploratory,measurement,tdc_credit_union_sensitive_qoq,total_deposits_bank_qoq,3,146.575818019391,88.10796734962267,-24.38894090280431,298.01911114770337,65,identity_measurement_ladder,tdc_credit_union_sensitive_residual_z,exact_identity_baseline,estimated_common_design,circular_block_bootstrap_4q_40reps
credit_union_sensitive,exploratory,measurement,tdc_credit_union_sensitive_qoq,other_component_qoq,3,-82.85666958258409,63.013069897871794,-167.25046590884077,42.94438336608428,65,identity_measurement_ladder,tdc_credit_union_sensitive_residual_z,exact_identity_baseline,derived_total_minus_tdc,circular_block_bootstrap_4q_40reps
credit_union_sensitive,exploratory,measurement,tdc_credit_union_sensitive_qoq,tdc_credit_union_sensitive_qoq,4,280.707437698315,76.22207539532661,126.3491409808147,407.38400318768095,64,identity_measurement_ladder,tdc_credit_union_sensitive_residual_z,exact_identity_baseline,estimated_common_design,circular_block_bootstrap_4q_40reps
credit_union_sensitive,exploratory,measurement,tdc_credit_union_sensitive_qoq,total_deposits_bank_qoq,4,166.62271119547825,85.0040873580066,9.993565371117196,316.29643496500387,64,identity_measurement_ladder,tdc_credit_union_sensitive_residual_z,exact_identity_baseline,estimated_common_design,circular_block_bootstrap_4q_40reps
credit_union_sensitive,exploratory,measurement,tdc_credit_union_sensitive_qoq,other_component_qoq,4,-114.08472650283676,39.5532723782601,-175.5658647288115,-39.55167403897889,64,identity_measurement_ladder,tdc_credit_union_sensitive_residual_z,exact_identity_baseline,derived_total_minus_tdc,circular_block_bootstrap_4q_40reps
credit_union_sensitive,exploratory,measurement,tdc_credit_union_sensitive_qoq,tdc_credit_union_sensitive_qoq,5,279.30958012975594,87.38486621509989,145.6472175987632,457.2267968976607,63,identity_measurement_ladder,tdc_credit_union_sensitive_residual_z,exact_identity_baseline,estimated_common_design,circular_block_bootstrap_4q_40reps
credit_union_sensitive,exploratory,measurement,tdc_credit_union_sensitive_qoq,total_deposits_bank_qoq,5,142.72551917933362,103.63356136037159,-23.333564461919593,302.0340742453471,63,identity_measurement_ladder,tdc_credit_union_sensitive_residual_z,exact_identity_baseline,estimated_common_design,circular_block_bootstrap_4q_40reps
credit_union_sensitive,exploratory,measurement,tdc_credit_union_sensitive_qoq,other_component_qoq,5,-136.58406095042233,44.06534696304839,-211.92960977513187,-45.80051521823755,63,identity_measurement_ladder,tdc_credit_union_sensitive_residual_z,exact_identity_baseline,derived_total_minus_tdc,circular_block_bootstrap_4q_40reps
credit_union_sensitive,exploratory,measurement,tdc_credit_union_sensitive_qoq,tdc_credit_union_sensitive_qoq,6,326.8727408374033,100.9165187852055,120.98793334527339,481.76254740367114,62,identity_measurement_ladder,tdc_credit_union_sensitive_residual_z,exact_identity_baseline,estimated_common_design,circular_block_bootstrap_4q_40reps
credit_union_sensitive,exploratory,measurement,tdc_credit_union_sensitive_qoq,total_deposits_bank_qoq,6,115.2008681266395,101.24135641938972,-87.23293060272148,289.7147225779814,62,identity_measurement_ladder,tdc_credit_union_sensitive_residual_z,exact_identity_baseline,estimated_common_design,circular_block_bootstrap_4q_40reps
credit_union_sensitive,exploratory,measurement,tdc_credit_union_sensitive_qoq,other_component_qoq,6,-211.67187271076378,51.44480520443601,-294.8414948198217,-95.87364381344396,62,identity_measurement_ladder,tdc_credit_union_sensitive_residual_z,exact_identity_baseline,derived_total_minus_tdc,circular_block_bootstrap_4q_40reps
credit_union_sensitive,exploratory,measurement,tdc_credit_union_sensitive_qoq,tdc_credit_union_sensitive_qoq,7,318.02995773847056,115.5733434778484,70.65633108187212,525.9068199979546,61,identity_measurement_ladder,tdc_credit_union_sensitive_residual_z,exact_identity_baseline,estimated_common_design,circular_block_bootstrap_4q_40reps
credit_union_sensitive,exploratory,measurement,tdc_credit_union_sensitive_qoq,total_deposits_bank_qoq,7,114.03602851565432,110.22428869467524,-68.24073832628225,378.0587605043681,61,identity_measurement_ladder,tdc_credit_union_sensitive_residual_z,exact_identity_baseline,estimated_common_design,circular_block_bootstrap_4q_40reps
credit_union_sensitive,exploratory,measurement,tdc_credit_union_sensitive_qoq,other_component_qoq,7,-203.99392922281623,58.80972862463748,-291.73910988504014,-47.81537842948688,61,identity_measurement_ladder,tdc_credit_union_sensitive_residual_z,exact_identity_baseline,derived_total_minus_tdc,circular_block_bootstrap_4q_40reps
credit_union_sensitive,exploratory,measurement,tdc_credit_union_sensitive_qoq,tdc_credit_union_sensitive_qoq,8,351.6499497749224,124.59721661537192,167.4970592420423,560.5641229430173,60,identity_measurement_ladder,tdc_credit_union_sensitive_residual_z,exact_identity_baseline,estimated_common_design,circular_block_bootstrap_4q_40reps
credit_union_sensitive,exploratory,measurement,tdc_credit_union_sensitive_qoq,total_deposits_bank_qoq,8,113.52438800414205,107.09806370600116,-63.3901836645209,293.3909711885779,60,identity_measurement_ladder,tdc_credit_union_sensitive_residual_z,exact_identity_baseline,estimated_common_design,circular_block_bootstrap_4q_40reps
credit_union_sensitive,exploratory,measurement,tdc_credit_union_sensitive_qoq,other_component_qoq,8,-238.12556177078034,73.11504423773297,-351.6576073035877,-92.6779944557571,60,identity_measurement_ladder,tdc_credit_union_sensitive_residual_z,exact_identity_baseline,derived_total_minus_tdc,circular_block_bootstrap_4q_40reps
