sample_variant,sample_role,sample_filter,outcome,horizon,beta,se,lower95,upper95,n,spec_name,shock_column,shock_scale,response_type
all_usable_shocks,headline,all_usable_shocks,tdc_bank_only_qoq,0,128.49398892100785,14.082533270452723,100.89222371092052,156.0957541310952,68,sample_sensitivity,tdc_residual_z,rolling_oos_standard_deviation,cumulative_sum_h0_to_h
all_usable_shocks,headline,all_usable_shocks,tdc_bank_only_qoq,1,177.53974642600284,27.083004995283464,124.45705663524726,230.62243621675842,67,sample_sensitivity,tdc_residual_z,rolling_oos_standard_deviation,cumulative_sum_h0_to_h
all_usable_shocks,headline,all_usable_shocks,tdc_bank_only_qoq,2,238.77548106475206,44.39881099838961,151.75381150790844,325.7971506215957,66,sample_sensitivity,tdc_residual_z,rolling_oos_standard_deviation,cumulative_sum_h0_to_h
all_usable_shocks,headline,all_usable_shocks,tdc_bank_only_qoq,3,227.4161242341586,58.263432489512596,113.21979655471391,341.61245191360325,65,sample_sensitivity,tdc_residual_z,rolling_oos_standard_deviation,cumulative_sum_h0_to_h
all_usable_shocks,headline,all_usable_shocks,tdc_bank_only_qoq,4,278.13971316628357,69.29214131662822,142.32711618569226,413.9523101468749,64,sample_sensitivity,tdc_residual_z,rolling_oos_standard_deviation,cumulative_sum_h0_to_h
all_usable_shocks,headline,all_usable_shocks,tdc_bank_only_qoq,5,276.1284061270981,86.00044945828796,107.56752518885372,444.6892870653425,63,sample_sensitivity,tdc_residual_z,rolling_oos_standard_deviation,cumulative_sum_h0_to_h
all_usable_shocks,headline,all_usable_shocks,tdc_bank_only_qoq,6,323.84239475931173,103.47530926503056,121.03078859985183,526.6540009187717,62,sample_sensitivity,tdc_residual_z,rolling_oos_standard_deviation,cumulative_sum_h0_to_h
all_usable_shocks,headline,all_usable_shocks,tdc_bank_only_qoq,7,314.6341905542828,113.16592559512178,92.82897638784411,536.4394047207214,61,sample_sensitivity,tdc_residual_z,rolling_oos_standard_deviation,cumulative_sum_h0_to_h
all_usable_shocks,headline,all_usable_shocks,tdc_bank_only_qoq,8,347.6946386730543,113.67922702128271,124.88335371134022,570.5059236347685,60,sample_sensitivity,tdc_residual_z,rolling_oos_standard_deviation,cumulative_sum_h0_to_h
all_usable_shocks,headline,all_usable_shocks,total_deposits_bank_qoq,0,46.46053662919742,21.936358412025733,3.4652741416269848,89.45579911676785,68,sample_sensitivity,tdc_residual_z,rolling_oos_standard_deviation,cumulative_sum_h0_to_h
all_usable_shocks,headline,all_usable_shocks,total_deposits_bank_qoq,1,86.29608869329637,52.287424166740124,-16.18726267351427,188.779440060107,67,sample_sensitivity,tdc_residual_z,rolling_oos_standard_deviation,cumulative_sum_h0_to_h
all_usable_shocks,headline,all_usable_shocks,total_deposits_bank_qoq,2,103.11934093173717,61.75760806077418,-17.92557086738023,224.16425273085457,66,sample_sensitivity,tdc_residual_z,rolling_oos_standard_deviation,cumulative_sum_h0_to_h
all_usable_shocks,headline,all_usable_shocks,total_deposits_bank_qoq,3,126.3158425610861,72.67767087562203,-16.132392355133078,268.76407747730525,65,sample_sensitivity,tdc_residual_z,rolling_oos_standard_deviation,cumulative_sum_h0_to_h
all_usable_shocks,headline,all_usable_shocks,total_deposits_bank_qoq,4,142.30410309715606,92.45580638597868,-38.909277419362155,323.51748361367424,64,sample_sensitivity,tdc_residual_z,rolling_oos_standard_deviation,cumulative_sum_h0_to_h
all_usable_shocks,headline,all_usable_shocks,total_deposits_bank_qoq,5,113.54219579622348,99.59303553104833,-81.66015384463124,308.7445454370782,63,sample_sensitivity,tdc_residual_z,rolling_oos_standard_deviation,cumulative_sum_h0_to_h
all_usable_shocks,headline,all_usable_shocks,total_deposits_bank_qoq,6,84.79965745718876,105.40382626279116,-121.7918420178819,291.39115693225943,62,sample_sensitivity,tdc_residual_z,rolling_oos_standard_deviation,cumulative_sum_h0_to_h
all_usable_shocks,headline,all_usable_shocks,total_deposits_bank_qoq,7,83.71135032241025,113.47645048993488,-138.7024926378621,306.12519328268263,61,sample_sensitivity,tdc_residual_z,rolling_oos_standard_deviation,cumulative_sum_h0_to_h
all_usable_shocks,headline,all_usable_shocks,total_deposits_bank_qoq,8,83.51619577931737,119.4365054718626,-150.57935494553334,317.6117465041681,60,sample_sensitivity,tdc_residual_z,rolling_oos_standard_deviation,cumulative_sum_h0_to_h
all_usable_shocks,headline,all_usable_shocks,other_component_qoq,0,-81.17833439216729,20.082089282921796,-120.539229386694,-41.81743939764057,68,sample_sensitivity,tdc_residual_z,rolling_oos_standard_deviation,cumulative_sum_h0_to_h
all_usable_shocks,headline,all_usable_shocks,other_component_qoq,1,-88.82606789492503,46.78564064354276,-180.52592355626885,2.8737877664187863,67,sample_sensitivity,tdc_residual_z,rolling_oos_standard_deviation,cumulative_sum_h0_to_h
all_usable_shocks,headline,all_usable_shocks,other_component_qoq,2,-123.69489944670921,54.00047670443744,-229.5358337874066,-17.85396510601184,66,sample_sensitivity,tdc_residual_z,rolling_oos_standard_deviation,cumulative_sum_h0_to_h
all_usable_shocks,headline,all_usable_shocks,other_component_qoq,3,-79.53645463467396,53.33331965503737,-184.0697611585472,24.99685188919929,65,sample_sensitivity,tdc_residual_z,rolling_oos_standard_deviation,cumulative_sum_h0_to_h
all_usable_shocks,headline,all_usable_shocks,other_component_qoq,4,-100.99420217322478,48.95277771700602,-196.94164649855657,-5.046757847892977,64,sample_sensitivity,tdc_residual_z,rolling_oos_standard_deviation,cumulative_sum_h0_to_h
all_usable_shocks,headline,all_usable_shocks,other_component_qoq,5,-124.35531874302845,43.78055481644745,-210.16520618326544,-38.54543130279146,63,sample_sensitivity,tdc_residual_z,rolling_oos_standard_deviation,cumulative_sum_h0_to_h
all_usable_shocks,headline,all_usable_shocks,other_component_qoq,6,-203.55104143815078,45.9911807271008,-293.69375566326835,-113.40832721303322,62,sample_sensitivity,tdc_residual_z,rolling_oos_standard_deviation,cumulative_sum_h0_to_h
all_usable_shocks,headline,all_usable_shocks,other_component_qoq,7,-199.05341905551296,52.639318278612826,-302.2264828815941,-95.88035522943183,61,sample_sensitivity,tdc_residual_z,rolling_oos_standard_deviation,cumulative_sum_h0_to_h
all_usable_shocks,headline,all_usable_shocks,other_component_qoq,8,-230.2431106659432,57.8314678492858,-343.59278765054336,-116.89343368134303,60,sample_sensitivity,tdc_residual_z,rolling_oos_standard_deviation,cumulative_sum_h0_to_h
all_usable_shocks,headline,all_usable_shocks,bank_credit_private_qoq,0,14.021813174704516,13.400899759392601,-12.243950353704982,40.28757670311401,64,sample_sensitivity,tdc_residual_z,rolling_oos_standard_deviation,cumulative_sum_h0_to_h
all_usable_shocks,headline,all_usable_shocks,bank_credit_private_qoq,1,20.471250446544758,15.63707677277266,-10.177420028089657,51.11992092117917,63,sample_sensitivity,tdc_residual_z,rolling_oos_standard_deviation,cumulative_sum_h0_to_h
all_usable_shocks,headline,all_usable_shocks,bank_credit_private_qoq,2,21.900467527328786,13.76241757576267,-5.073870921166048,48.87480597582362,62,sample_sensitivity,tdc_residual_z,rolling_oos_standard_deviation,cumulative_sum_h0_to_h
all_usable_shocks,headline,all_usable_shocks,bank_credit_private_qoq,3,38.66482689126488,16.24565401622888,6.823345019456276,70.50630876307349,61,sample_sensitivity,tdc_residual_z,rolling_oos_standard_deviation,cumulative_sum_h0_to_h
all_usable_shocks,headline,all_usable_shocks,bank_credit_private_qoq,4,54.572977783498914,19.24512973374704,16.852523505354718,92.2934320616431,60,sample_sensitivity,tdc_residual_z,rolling_oos_standard_deviation,cumulative_sum_h0_to_h
all_usable_shocks,headline,all_usable_shocks,bank_credit_private_qoq,5,68.53490048698211,25.0105408216994,19.514240476451285,117.55556049751294,59,sample_sensitivity,tdc_residual_z,rolling_oos_standard_deviation,cumulative_sum_h0_to_h
all_usable_shocks,headline,all_usable_shocks,bank_credit_private_qoq,6,72.45004248666505,27.020815359461988,19.48924438211956,125.41084059121056,58,sample_sensitivity,tdc_residual_z,rolling_oos_standard_deviation,cumulative_sum_h0_to_h
all_usable_shocks,headline,all_usable_shocks,bank_credit_private_qoq,7,82.00582631837767,30.40277751687982,22.416382385293225,141.59527025146213,57,sample_sensitivity,tdc_residual_z,rolling_oos_standard_deviation,cumulative_sum_h0_to_h
all_usable_shocks,headline,all_usable_shocks,bank_credit_private_qoq,8,79.6870552422084,30.0419239929606,20.804884216005625,138.56922626841117,56,sample_sensitivity,tdc_residual_z,rolling_oos_standard_deviation,cumulative_sum_h0_to_h
all_usable_shocks,headline,all_usable_shocks,cb_nonts_qoq,0,26.523641651135975,14.452809474715338,-1.8038649193060863,54.851148221578036,68,sample_sensitivity,tdc_residual_z,rolling_oos_standard_deviation,cumulative_sum_h0_to_h
all_usable_shocks,headline,all_usable_shocks,cb_nonts_qoq,1,72.72049059929682,59.21228567969727,-43.33558933290982,188.77657053150347,67,sample_sensitivity,tdc_residual_z,rolling_oos_standard_deviation,cumulative_sum_h0_to_h
all_usable_shocks,headline,all_usable_shocks,cb_nonts_qoq,2,93.01308087983362,73.31273732488934,-50.679884276949494,236.70604603661673,66,sample_sensitivity,tdc_residual_z,rolling_oos_standard_deviation,cumulative_sum_h0_to_h
all_usable_shocks,headline,all_usable_shocks,cb_nonts_qoq,3,92.77847032181904,78.98017714101552,-62.022676874571374,247.57961751820946,65,sample_sensitivity,tdc_residual_z,rolling_oos_standard_deviation,cumulative_sum_h0_to_h
all_usable_shocks,headline,all_usable_shocks,cb_nonts_qoq,4,109.21565891280892,89.44754513553232,-66.10152955283442,284.5328473784523,64,sample_sensitivity,tdc_residual_z,rolling_oos_standard_deviation,cumulative_sum_h0_to_h
all_usable_shocks,headline,all_usable_shocks,cb_nonts_qoq,5,79.97659676468415,99.05782618155573,-114.17674255116508,274.12993608053335,63,sample_sensitivity,tdc_residual_z,rolling_oos_standard_deviation,cumulative_sum_h0_to_h
all_usable_shocks,headline,all_usable_shocks,cb_nonts_qoq,6,46.718093249271504,93.61662154598584,-136.77048498086074,230.20667147940375,62,sample_sensitivity,tdc_residual_z,rolling_oos_standard_deviation,cumulative_sum_h0_to_h
all_usable_shocks,headline,all_usable_shocks,cb_nonts_qoq,7,10.322875211657284,94.85084986063899,-175.58479051519512,196.23054093850968,61,sample_sensitivity,tdc_residual_z,rolling_oos_standard_deviation,cumulative_sum_h0_to_h
all_usable_shocks,headline,all_usable_shocks,cb_nonts_qoq,8,25.151068626318896,94.31939068681434,-159.7149371198372,210.017074372475,60,sample_sensitivity,tdc_residual_z,rolling_oos_standard_deviation,cumulative_sum_h0_to_h
all_usable_shocks,headline,all_usable_shocks,foreign_nonts_qoq,0,27.0343911579461,13.111973747146076,1.334922613539792,52.733859702352404,68,sample_sensitivity,tdc_residual_z,rolling_oos_standard_deviation,cumulative_sum_h0_to_h
all_usable_shocks,headline,all_usable_shocks,foreign_nonts_qoq,1,24.54038207464727,13.04968252122605,-1.0369956669557894,50.11775981625033,67,sample_sensitivity,tdc_residual_z,rolling_oos_standard_deviation,cumulative_sum_h0_to_h
all_usable_shocks,headline,all_usable_shocks,foreign_nonts_qoq,2,37.304008155556005,10.695119924283544,16.341573103960258,58.26644320715175,66,sample_sensitivity,tdc_residual_z,rolling_oos_standard_deviation,cumulative_sum_h0_to_h
all_usable_shocks,headline,all_usable_shocks,foreign_nonts_qoq,3,31.99172977438502,10.234237703193351,11.932623876126055,52.050835672643984,65,sample_sensitivity,tdc_residual_z,rolling_oos_standard_deviation,cumulative_sum_h0_to_h
all_usable_shocks,headline,all_usable_shocks,foreign_nonts_qoq,4,38.11141757510377,9.926775458602929,18.65493767624203,57.567897473965516,64,sample_sensitivity,tdc_residual_z,rolling_oos_standard_deviation,cumulative_sum_h0_to_h
all_usable_shocks,headline,all_usable_shocks,foreign_nonts_qoq,5,30.15083400221347,11.459176208634883,7.6908486332891,52.61081937113784,63,sample_sensitivity,tdc_residual_z,rolling_oos_standard_deviation,cumulative_sum_h0_to_h
all_usable_shocks,headline,all_usable_shocks,foreign_nonts_qoq,6,28.921038829717844,10.487487415971293,8.365563494414111,49.47651416502158,62,sample_sensitivity,tdc_residual_z,rolling_oos_standard_deviation,cumulative_sum_h0_to_h
all_usable_shocks,headline,all_usable_shocks,foreign_nonts_qoq,7,23.715109828440077,10.916408960188106,2.3189482664713914,45.11127139040876,61,sample_sensitivity,tdc_residual_z,rolling_oos_standard_deviation,cumulative_sum_h0_to_h
all_usable_shocks,headline,all_usable_shocks,foreign_nonts_qoq,8,31.305272756279713,13.000630066172441,5.82403782658173,56.786507685977696,60,sample_sensitivity,tdc_residual_z,rolling_oos_standard_deviation,cumulative_sum_h0_to_h
all_usable_shocks,headline,all_usable_shocks,domestic_nonfinancial_mmf_reallocation_qoq,0,-14.977538562329684,11.828190798252104,-38.160792526903805,8.20571540224444,68,sample_sensitivity,tdc_residual_z,rolling_oos_standard_deviation,cumulative_sum_h0_to_h
all_usable_shocks,headline,all_usable_shocks,domestic_nonfinancial_mmf_reallocation_qoq,1,-27.35492495858245,18.39184147002623,-63.40293423983386,8.693084322668959,67,sample_sensitivity,tdc_residual_z,rolling_oos_standard_deviation,cumulative_sum_h0_to_h
all_usable_shocks,headline,all_usable_shocks,domestic_nonfinancial_mmf_reallocation_qoq,2,-12.38973358741131,16.02789764965998,-43.80441298074487,19.02494580592225,66,sample_sensitivity,tdc_residual_z,rolling_oos_standard_deviation,cumulative_sum_h0_to_h
all_usable_shocks,headline,all_usable_shocks,domestic_nonfinancial_mmf_reallocation_qoq,3,-16.64130908791607,11.659732822998063,-39.49438542099227,6.211767245160132,65,sample_sensitivity,tdc_residual_z,rolling_oos_standard_deviation,cumulative_sum_h0_to_h
all_usable_shocks,headline,all_usable_shocks,domestic_nonfinancial_mmf_reallocation_qoq,4,-6.051493186644944,14.562904506654425,-34.59478601968762,22.491799646397727,64,sample_sensitivity,tdc_residual_z,rolling_oos_standard_deviation,cumulative_sum_h0_to_h
all_usable_shocks,headline,all_usable_shocks,domestic_nonfinancial_mmf_reallocation_qoq,5,3.0635276967267195,13.426345931240663,-23.25211032850498,29.37916572195842,63,sample_sensitivity,tdc_residual_z,rolling_oos_standard_deviation,cumulative_sum_h0_to_h
all_usable_shocks,headline,all_usable_shocks,domestic_nonfinancial_mmf_reallocation_qoq,6,9.668298471264396,12.575932951944672,-14.980530114547161,34.31712705707595,62,sample_sensitivity,tdc_residual_z,rolling_oos_standard_deviation,cumulative_sum_h0_to_h
all_usable_shocks,headline,all_usable_shocks,domestic_nonfinancial_mmf_reallocation_qoq,7,-8.890532150150271,13.615993908637876,-35.57788021108051,17.796815910779966,61,sample_sensitivity,tdc_residual_z,rolling_oos_standard_deviation,cumulative_sum_h0_to_h
all_usable_shocks,headline,all_usable_shocks,domestic_nonfinancial_mmf_reallocation_qoq,8,-28.06167360138172,21.060724923948644,-69.34069445232106,13.21734724955762,60,sample_sensitivity,tdc_residual_z,rolling_oos_standard_deviation,cumulative_sum_h0_to_h
all_usable_shocks,headline,all_usable_shocks,domestic_nonfinancial_repo_reallocation_qoq,0,0.028792382207010303,0.7154641657141337,-1.3735173825926918,1.4311021470067122,68,sample_sensitivity,tdc_residual_z,rolling_oos_standard_deviation,cumulative_sum_h0_to_h
all_usable_shocks,headline,all_usable_shocks,domestic_nonfinancial_repo_reallocation_qoq,1,-0.6518841737791491,1.0963489403183309,-2.8007280968030774,1.496959749244779,67,sample_sensitivity,tdc_residual_z,rolling_oos_standard_deviation,cumulative_sum_h0_to_h
all_usable_shocks,headline,all_usable_shocks,domestic_nonfinancial_repo_reallocation_qoq,2,-0.7811253341177906,1.303492006027832,-3.3359696659323417,1.7737189976967604,66,sample_sensitivity,tdc_residual_z,rolling_oos_standard_deviation,cumulative_sum_h0_to_h
all_usable_shocks,headline,all_usable_shocks,domestic_nonfinancial_repo_reallocation_qoq,3,-1.081030831645977,1.3322362312945994,-3.6922138449833914,1.5301521816914379,65,sample_sensitivity,tdc_residual_z,rolling_oos_standard_deviation,cumulative_sum_h0_to_h
all_usable_shocks,headline,all_usable_shocks,domestic_nonfinancial_repo_reallocation_qoq,4,-0.7003132154383085,1.2009103178726588,-3.0540974384687196,1.6534710075921026,64,sample_sensitivity,tdc_residual_z,rolling_oos_standard_deviation,cumulative_sum_h0_to_h
all_usable_shocks,headline,all_usable_shocks,domestic_nonfinancial_repo_reallocation_qoq,5,-0.6089729576320474,1.7813398558351985,-4.100399075069037,2.8824531598049417,63,sample_sensitivity,tdc_residual_z,rolling_oos_standard_deviation,cumulative_sum_h0_to_h
all_usable_shocks,headline,all_usable_shocks,domestic_nonfinancial_repo_reallocation_qoq,6,-1.0611272942106118,1.7927940841248564,-4.57500369909533,2.4527491106741066,62,sample_sensitivity,tdc_residual_z,rolling_oos_standard_deviation,cumulative_sum_h0_to_h
all_usable_shocks,headline,all_usable_shocks,domestic_nonfinancial_repo_reallocation_qoq,7,-1.4122082709320758,1.8487392675014283,-5.035737235234875,2.2113206933707232,61,sample_sensitivity,tdc_residual_z,rolling_oos_standard_deviation,cumulative_sum_h0_to_h
all_usable_shocks,headline,all_usable_shocks,domestic_nonfinancial_repo_reallocation_qoq,8,-2.099738160365989,1.607468321927399,-5.250376071343691,1.0508997506117135,60,sample_sensitivity,tdc_residual_z,rolling_oos_standard_deviation,cumulative_sum_h0_to_h
drop_flagged_shocks,exploratory,shock_flag=='',tdc_bank_only_qoq,0,131.32420129365354,13.86623262895334,104.146385340905,158.5020172464021,64,sample_sensitivity,tdc_residual_z,rolling_oos_standard_deviation,cumulative_sum_h0_to_h
drop_flagged_shocks,exploratory,shock_flag=='',tdc_bank_only_qoq,1,186.8208676670497,24.500097490751497,138.80067658517677,234.84105874892262,63,sample_sensitivity,tdc_residual_z,rolling_oos_standard_deviation,cumulative_sum_h0_to_h
drop_flagged_shocks,exploratory,shock_flag=='',tdc_bank_only_qoq,2,249.07702164650618,41.14825072472688,168.42645022604148,329.7275930669709,62,sample_sensitivity,tdc_residual_z,rolling_oos_standard_deviation,cumulative_sum_h0_to_h
drop_flagged_shocks,exploratory,shock_flag=='',tdc_bank_only_qoq,3,242.2297380878815,52.14512589302862,140.0252913375454,344.43418483821756,61,sample_sensitivity,tdc_residual_z,rolling_oos_standard_deviation,cumulative_sum_h0_to_h
drop_flagged_shocks,exploratory,shock_flag=='',tdc_bank_only_qoq,4,297.6299971709793,61.751340550012735,176.59736969295437,418.6626246490043,60,sample_sensitivity,tdc_residual_z,rolling_oos_standard_deviation,cumulative_sum_h0_to_h
drop_flagged_shocks,exploratory,shock_flag=='',tdc_bank_only_qoq,5,299.11448051325004,82.98170382847881,136.47034100943156,461.75862001706855,59,sample_sensitivity,tdc_residual_z,rolling_oos_standard_deviation,cumulative_sum_h0_to_h
drop_flagged_shocks,exploratory,shock_flag=='',tdc_bank_only_qoq,6,345.030493198887,106.25239464224805,136.7757997000808,553.2851866976931,58,sample_sensitivity,tdc_residual_z,rolling_oos_standard_deviation,cumulative_sum_h0_to_h
drop_flagged_shocks,exploratory,shock_flag=='',tdc_bank_only_qoq,7,340.12474833673923,117.47749102170866,109.86886593419027,570.3806307392882,57,sample_sensitivity,tdc_residual_z,rolling_oos_standard_deviation,cumulative_sum_h0_to_h
drop_flagged_shocks,exploratory,shock_flag=='',tdc_bank_only_qoq,8,379.5425500319059,117.70637908829565,148.8380470188464,610.2470530449654,56,sample_sensitivity,tdc_residual_z,rolling_oos_standard_deviation,cumulative_sum_h0_to_h
drop_flagged_shocks,exploratory,shock_flag=='',total_deposits_bank_qoq,0,53.8815090722739,23.354461121662258,8.106765273815874,99.65625287073192,64,sample_sensitivity,tdc_residual_z,rolling_oos_standard_deviation,cumulative_sum_h0_to_h
drop_flagged_shocks,exploratory,shock_flag=='',total_deposits_bank_qoq,1,93.74024524355467,57.18308797361646,-18.33860718473359,205.81909767184294,63,sample_sensitivity,tdc_residual_z,rolling_oos_standard_deviation,cumulative_sum_h0_to_h
drop_flagged_shocks,exploratory,shock_flag=='',total_deposits_bank_qoq,2,110.79735940072928,67.4268427058178,-21.35925230267361,242.95397110413217,62,sample_sensitivity,tdc_residual_z,rolling_oos_standard_deviation,cumulative_sum_h0_to_h
drop_flagged_shocks,exploratory,shock_flag=='',total_deposits_bank_qoq,3,138.6582795914655,77.8454949823904,-13.918890574019713,291.2354497569507,61,sample_sensitivity,tdc_residual_z,rolling_oos_standard_deviation,cumulative_sum_h0_to_h
drop_flagged_shocks,exploratory,shock_flag=='',total_deposits_bank_qoq,4,160.57765881953347,98.8499762308301,-33.16829459289352,354.32361223196045,60,sample_sensitivity,tdc_residual_z,rolling_oos_standard_deviation,cumulative_sum_h0_to_h
drop_flagged_shocks,exploratory,shock_flag=='',total_deposits_bank_qoq,5,128.67536898550668,108.73600859915065,-84.4472078688286,341.797945839842,59,sample_sensitivity,tdc_residual_z,rolling_oos_standard_deviation,cumulative_sum_h0_to_h
drop_flagged_shocks,exploratory,shock_flag=='',total_deposits_bank_qoq,6,93.91020680871395,117.63838047666268,-136.66101892554488,324.4814325429728,58,sample_sensitivity,tdc_residual_z,rolling_oos_standard_deviation,cumulative_sum_h0_to_h
drop_flagged_shocks,exploratory,shock_flag=='',total_deposits_bank_qoq,7,94.07957950468975,127.63988167230254,-156.09458857302323,344.25374758240275,57,sample_sensitivity,tdc_residual_z,rolling_oos_standard_deviation,cumulative_sum_h0_to_h
drop_flagged_shocks,exploratory,shock_flag=='',total_deposits_bank_qoq,8,95.87597686553252,134.7033110672377,-168.14251282625335,359.8944665573184,56,sample_sensitivity,tdc_residual_z,rolling_oos_standard_deviation,cumulative_sum_h0_to_h
drop_flagged_shocks,exploratory,shock_flag=='',other_component_qoq,0,-76.51302789812314,23.071102602143167,-121.73238899832376,-31.293666797922533,64,sample_sensitivity,tdc_residual_z,rolling_oos_standard_deviation,cumulative_sum_h0_to_h
drop_flagged_shocks,exploratory,shock_flag=='',other_component_qoq,1,-90.5774658691254,53.85629707823501,-196.13580814246603,14.98087640421521,63,sample_sensitivity,tdc_residual_z,rolling_oos_standard_deviation,cumulative_sum_h0_to_h
drop_flagged_shocks,exploratory,shock_flag=='',other_component_qoq,2,-126.48194973238071,61.01545988689745,-246.0722511106997,-6.891648354061701,62,sample_sensitivity,tdc_residual_z,rolling_oos_standard_deviation,cumulative_sum_h0_to_h
drop_flagged_shocks,exploratory,shock_flag=='',other_component_qoq,3,-81.9563280171219,58.650517850744826,-196.91134300458177,32.99868697033796,61,sample_sensitivity,tdc_residual_z,rolling_oos_standard_deviation,cumulative_sum_h0_to_h
drop_flagged_shocks,exploratory,shock_flag=='',other_component_qoq,4,-102.63818449906837,50.92083630857084,-202.44302366386722,-2.8333453342695236,60,sample_sensitivity,tdc_residual_z,rolling_oos_standard_deviation,cumulative_sum_h0_to_h
drop_flagged_shocks,exploratory,shock_flag=='',other_component_qoq,5,-132.82227739604954,43.524536331218854,-218.13036860523852,-47.514186186860584,59,sample_sensitivity,tdc_residual_z,rolling_oos_standard_deviation,cumulative_sum_h0_to_h
drop_flagged_shocks,exploratory,shock_flag=='',other_component_qoq,6,-216.1936031653056,44.25988692977434,-302.9429815476633,-129.4442247829479,58,sample_sensitivity,tdc_residual_z,rolling_oos_standard_deviation,cumulative_sum_h0_to_h
drop_flagged_shocks,exploratory,shock_flag=='',other_component_qoq,7,-214.46214293510752,49.1747909719468,-310.8447332401232,-118.0795526300918,57,sample_sensitivity,tdc_residual_z,rolling_oos_standard_deviation,cumulative_sum_h0_to_h
drop_flagged_shocks,exploratory,shock_flag=='',other_component_qoq,8,-250.3812776648329,53.923669637401645,-356.0716701541401,-144.6908851755257,56,sample_sensitivity,tdc_residual_z,rolling_oos_standard_deviation,cumulative_sum_h0_to_h
drop_flagged_shocks,exploratory,shock_flag=='',bank_credit_private_qoq,0,14.011556003660285,15.544249757630313,-16.455173521295126,44.4782855286157,60,sample_sensitivity,tdc_residual_z,rolling_oos_standard_deviation,cumulative_sum_h0_to_h
drop_flagged_shocks,exploratory,shock_flag=='',bank_credit_private_qoq,1,21.446560643966308,16.553088460354374,-10.997492738328262,53.89061402626088,59,sample_sensitivity,tdc_residual_z,rolling_oos_standard_deviation,cumulative_sum_h0_to_h
drop_flagged_shocks,exploratory,shock_flag=='',bank_credit_private_qoq,2,20.922653953549215,14.205572994683415,-6.920269116030276,48.76557702312871,58,sample_sensitivity,tdc_residual_z,rolling_oos_standard_deviation,cumulative_sum_h0_to_h
drop_flagged_shocks,exploratory,shock_flag=='',bank_credit_private_qoq,3,35.828314010345785,16.302659443627714,3.8751015008354663,67.7815265198561,57,sample_sensitivity,tdc_residual_z,rolling_oos_standard_deviation,cumulative_sum_h0_to_h
drop_flagged_shocks,exploratory,shock_flag=='',bank_credit_private_qoq,4,52.632256979599696,19.468198296773945,14.474588317922766,90.78992564127662,56,sample_sensitivity,tdc_residual_z,rolling_oos_standard_deviation,cumulative_sum_h0_to_h
drop_flagged_shocks,exploratory,shock_flag=='',bank_credit_private_qoq,5,65.94622224456953,25.57274527846041,15.823641498787126,116.06880299035193,55,sample_sensitivity,tdc_residual_z,rolling_oos_standard_deviation,cumulative_sum_h0_to_h
drop_flagged_shocks,exploratory,shock_flag=='',bank_credit_private_qoq,6,67.85006465077271,27.531769735658607,13.88779596888184,121.81233333266357,54,sample_sensitivity,tdc_residual_z,rolling_oos_standard_deviation,cumulative_sum_h0_to_h
drop_flagged_shocks,exploratory,shock_flag=='',bank_credit_private_qoq,7,76.66722982527185,30.521690216408555,16.84471700111108,136.48974264943263,53,sample_sensitivity,tdc_residual_z,rolling_oos_standard_deviation,cumulative_sum_h0_to_h
drop_flagged_shocks,exploratory,shock_flag=='',bank_credit_private_qoq,8,70.78967332186434,31.194829226612104,9.647808037704621,131.93153860602405,52,sample_sensitivity,tdc_residual_z,rolling_oos_standard_deviation,cumulative_sum_h0_to_h
drop_flagged_shocks,exploratory,shock_flag=='',cb_nonts_qoq,0,29.52753832435597,17.579375302299685,-4.92803726815141,63.983113916863346,64,sample_sensitivity,tdc_residual_z,rolling_oos_standard_deviation,cumulative_sum_h0_to_h
drop_flagged_shocks,exploratory,shock_flag=='',cb_nonts_qoq,1,78.17172129464656,70.68955813042665,-60.37981264098967,216.7232552302828,63,sample_sensitivity,tdc_residual_z,rolling_oos_standard_deviation,cumulative_sum_h0_to_h
drop_flagged_shocks,exploratory,shock_flag=='',cb_nonts_qoq,2,98.61189269566785,86.71786687905686,-71.35512638728358,268.5789117786193,62,sample_sensitivity,tdc_residual_z,rolling_oos_standard_deviation,cumulative_sum_h0_to_h
drop_flagged_shocks,exploratory,shock_flag=='',cb_nonts_qoq,3,102.30921172159641,92.97476368231949,-79.9213250957498,284.5397485389426,61,sample_sensitivity,tdc_residual_z,rolling_oos_standard_deviation,cumulative_sum_h0_to_h
drop_flagged_shocks,exploratory,shock_flag=='',cb_nonts_qoq,4,120.51768372106284,103.73461920343816,-82.80216991767594,323.8375373598016,60,sample_sensitivity,tdc_residual_z,rolling_oos_standard_deviation,cumulative_sum_h0_to_h
drop_flagged_shocks,exploratory,shock_flag=='',cb_nonts_qoq,5,83.73897269451861,113.76313030013188,-139.23676269373988,306.71470808277707,59,sample_sensitivity,tdc_residual_z,rolling_oos_standard_deviation,cumulative_sum_h0_to_h
drop_flagged_shocks,exploratory,shock_flag=='',cb_nonts_qoq,6,44.97100772706278,107.64361124074259,-166.01047030479268,255.95248575891824,58,sample_sensitivity,tdc_residual_z,rolling_oos_standard_deviation,cumulative_sum_h0_to_h
drop_flagged_shocks,exploratory,shock_flag=='',cb_nonts_qoq,7,4.588527999504063,109.44777396837091,-209.9291089785029,219.10616497751104,57,sample_sensitivity,tdc_residual_z,rolling_oos_standard_deviation,cumulative_sum_h0_to_h
drop_flagged_shocks,exploratory,shock_flag=='',cb_nonts_qoq,8,26.244115465540368,109.07478857711322,-187.54247014560156,240.0307010766823,56,sample_sensitivity,tdc_residual_z,rolling_oos_standard_deviation,cumulative_sum_h0_to_h
drop_flagged_shocks,exploratory,shock_flag=='',foreign_nonts_qoq,0,29.440763833701553,14.936702766280703,0.16482641179137403,58.71670125561173,64,sample_sensitivity,tdc_residual_z,rolling_oos_standard_deviation,cumulative_sum_h0_to_h
drop_flagged_shocks,exploratory,shock_flag=='',foreign_nonts_qoq,1,25.518142282687272,14.782188548256737,-3.454947271895932,54.491231837270476,63,sample_sensitivity,tdc_residual_z,rolling_oos_standard_deviation,cumulative_sum_h0_to_h
drop_flagged_shocks,exploratory,shock_flag=='',foreign_nonts_qoq,2,38.8137004380796,12.578487146284466,14.159865631362045,63.467535244797155,62,sample_sensitivity,tdc_residual_z,rolling_oos_standard_deviation,cumulative_sum_h0_to_h
drop_flagged_shocks,exploratory,shock_flag=='',foreign_nonts_qoq,3,38.33831333998071,11.103052512478977,16.576330415521916,60.1002962644395,61,sample_sensitivity,tdc_residual_z,rolling_oos_standard_deviation,cumulative_sum_h0_to_h
drop_flagged_shocks,exploratory,shock_flag=='',foreign_nonts_qoq,4,39.99029495268442,10.975892565688875,18.47754552393423,61.50304438143462,60,sample_sensitivity,tdc_residual_z,rolling_oos_standard_deviation,cumulative_sum_h0_to_h
drop_flagged_shocks,exploratory,shock_flag=='',foreign_nonts_qoq,5,31.090661183734696,11.883127754759395,7.799730784406282,54.38159158306311,59,sample_sensitivity,tdc_residual_z,rolling_oos_standard_deviation,cumulative_sum_h0_to_h
drop_flagged_shocks,exploratory,shock_flag=='',foreign_nonts_qoq,6,33.085280638137256,11.526235654486982,10.493858755342771,55.67670252093174,58,sample_sensitivity,tdc_residual_z,rolling_oos_standard_deviation,cumulative_sum_h0_to_h
drop_flagged_shocks,exploratory,shock_flag=='',foreign_nonts_qoq,7,23.753956515087946,12.544245171237455,-0.8327640205374642,48.34067705071335,57,sample_sensitivity,tdc_residual_z,rolling_oos_standard_deviation,cumulative_sum_h0_to_h
drop_flagged_shocks,exploratory,shock_flag=='',foreign_nonts_qoq,8,33.32635785418785,13.998011451890044,5.8902554084833625,60.76246029989233,56,sample_sensitivity,tdc_residual_z,rolling_oos_standard_deviation,cumulative_sum_h0_to_h
drop_flagged_shocks,exploratory,shock_flag=='',domestic_nonfinancial_mmf_reallocation_qoq,0,-18.64153911172874,11.996607844021431,-42.15489048601074,4.8718122625532665,64,sample_sensitivity,tdc_residual_z,rolling_oos_standard_deviation,cumulative_sum_h0_to_h
drop_flagged_shocks,exploratory,shock_flag=='',domestic_nonfinancial_mmf_reallocation_qoq,1,-30.1219013612669,19.393404638693834,-68.13297445310681,7.889171730573011,63,sample_sensitivity,tdc_residual_z,rolling_oos_standard_deviation,cumulative_sum_h0_to_h
drop_flagged_shocks,exploratory,shock_flag=='',domestic_nonfinancial_mmf_reallocation_qoq,2,-15.110730466054896,16.879882545018397,-48.195300254290956,17.973839322181163,62,sample_sensitivity,tdc_residual_z,rolling_oos_standard_deviation,cumulative_sum_h0_to_h
drop_flagged_shocks,exploratory,shock_flag=='',domestic_nonfinancial_mmf_reallocation_qoq,3,-20.60525323057029,11.261134954192253,-42.677077740787105,1.466571279646523,61,sample_sensitivity,tdc_residual_z,rolling_oos_standard_deviation,cumulative_sum_h0_to_h
drop_flagged_shocks,exploratory,shock_flag=='',domestic_nonfinancial_mmf_reallocation_qoq,4,-12.67713131123341,13.968145393467523,-40.05469628242976,14.700433659962936,60,sample_sensitivity,tdc_residual_z,rolling_oos_standard_deviation,cumulative_sum_h0_to_h
drop_flagged_shocks,exploratory,shock_flag=='',domestic_nonfinancial_mmf_reallocation_qoq,5,0.5843683897375307,15.30817692091264,-29.41965837525124,30.588395154726303,59,sample_sensitivity,tdc_residual_z,rolling_oos_standard_deviation,cumulative_sum_h0_to_h
drop_flagged_shocks,exploratory,shock_flag=='',domestic_nonfinancial_mmf_reallocation_qoq,6,8.874573762913897,15.693459768959285,-21.8846073842463,39.633754910074096,58,sample_sensitivity,tdc_residual_z,rolling_oos_standard_deviation,cumulative_sum_h0_to_h
drop_flagged_shocks,exploratory,shock_flag=='',domestic_nonfinancial_mmf_reallocation_qoq,7,-12.605378684534994,18.200356369463258,-48.278077168682984,23.067319799612992,57,sample_sensitivity,tdc_residual_z,rolling_oos_standard_deviation,cumulative_sum_h0_to_h
drop_flagged_shocks,exploratory,shock_flag=='',domestic_nonfinancial_mmf_reallocation_qoq,8,-32.50736525160727,24.54299042873706,-80.6116264919319,15.596895988717371,56,sample_sensitivity,tdc_residual_z,rolling_oos_standard_deviation,cumulative_sum_h0_to_h
drop_flagged_shocks,exploratory,shock_flag=='',domestic_nonfinancial_repo_reallocation_qoq,0,0.008734528516267045,0.8307422070359008,-1.6195201972740987,1.6369892543066327,64,sample_sensitivity,tdc_residual_z,rolling_oos_standard_deviation,cumulative_sum_h0_to_h
drop_flagged_shocks,exploratory,shock_flag=='',domestic_nonfinancial_repo_reallocation_qoq,1,-0.8125959101174383,1.1967286855852315,-3.158184133864492,1.5329923136296153,63,sample_sensitivity,tdc_residual_z,rolling_oos_standard_deviation,cumulative_sum_h0_to_h
drop_flagged_shocks,exploratory,shock_flag=='',domestic_nonfinancial_repo_reallocation_qoq,2,-0.9888531012608968,1.402472785711811,-3.7376997612560463,1.7599935587342528,62,sample_sensitivity,tdc_residual_z,rolling_oos_standard_deviation,cumulative_sum_h0_to_h
drop_flagged_shocks,exploratory,shock_flag=='',domestic_nonfinancial_repo_reallocation_qoq,3,-0.9325407101493721,1.4405404785808003,-3.7560000481677407,1.8909186278689964,61,sample_sensitivity,tdc_residual_z,rolling_oos_standard_deviation,cumulative_sum_h0_to_h
drop_flagged_shocks,exploratory,shock_flag=='',domestic_nonfinancial_repo_reallocation_qoq,4,-0.1368692578384152,1.3259004504949172,-2.735634140808453,2.461895625131622,60,sample_sensitivity,tdc_residual_z,rolling_oos_standard_deviation,cumulative_sum_h0_to_h
drop_flagged_shocks,exploratory,shock_flag=='',domestic_nonfinancial_repo_reallocation_qoq,5,-0.057395201506533766,2.0132395799077933,-4.0033447781258085,3.888554375112741,59,sample_sensitivity,tdc_residual_z,rolling_oos_standard_deviation,cumulative_sum_h0_to_h
drop_flagged_shocks,exploratory,shock_flag=='',domestic_nonfinancial_repo_reallocation_qoq,6,-0.47486599339566427,1.978802257621038,-4.353318418332899,3.4035864315415703,58,sample_sensitivity,tdc_residual_z,rolling_oos_standard_deviation,cumulative_sum_h0_to_h
drop_flagged_shocks,exploratory,shock_flag=='',domestic_nonfinancial_repo_reallocation_qoq,7,-1.0233638590218481,1.966186146194873,-4.8770887055638,2.8303609875201032,57,sample_sensitivity,tdc_residual_z,rolling_oos_standard_deviation,cumulative_sum_h0_to_h
drop_flagged_shocks,exploratory,shock_flag=='',domestic_nonfinancial_repo_reallocation_qoq,8,-1.6433838980147684,1.727920493586682,-5.030108065444665,1.7433402694151283,56,sample_sensitivity,tdc_residual_z,rolling_oos_standard_deviation,cumulative_sum_h0_to_h
drop_severe_scale_tail,exploratory,fitted_to_target_scale_ratio<=25.0,tdc_bank_only_qoq,0,129.33519506845155,14.300151620918879,101.30689789145055,157.36349224545256,67,sample_sensitivity,tdc_residual_z,rolling_oos_standard_deviation,cumulative_sum_h0_to_h
drop_severe_scale_tail,exploratory,fitted_to_target_scale_ratio<=25.0,tdc_bank_only_qoq,1,181.05844339991899,26.779886552864927,128.56986575630373,233.54702104353424,66,sample_sensitivity,tdc_residual_z,rolling_oos_standard_deviation,cumulative_sum_h0_to_h
drop_severe_scale_tail,exploratory,fitted_to_target_scale_ratio<=25.0,tdc_bank_only_qoq,2,240.9852095426187,44.2652667100319,154.22528679095615,327.74513229428123,65,sample_sensitivity,tdc_residual_z,rolling_oos_standard_deviation,cumulative_sum_h0_to_h
drop_severe_scale_tail,exploratory,fitted_to_target_scale_ratio<=25.0,tdc_bank_only_qoq,3,228.33927919252835,58.676616578577274,113.33311069851689,343.34544768653984,64,sample_sensitivity,tdc_residual_z,rolling_oos_standard_deviation,cumulative_sum_h0_to_h
drop_severe_scale_tail,exploratory,fitted_to_target_scale_ratio<=25.0,tdc_bank_only_qoq,4,280.25453507039373,70.26028414853144,142.5443781392721,417.96469200151535,63,sample_sensitivity,tdc_residual_z,rolling_oos_standard_deviation,cumulative_sum_h0_to_h
drop_severe_scale_tail,exploratory,fitted_to_target_scale_ratio<=25.0,tdc_bank_only_qoq,5,281.1325164466452,88.61131696312627,107.4543351989177,454.81069769437266,62,sample_sensitivity,tdc_residual_z,rolling_oos_standard_deviation,cumulative_sum_h0_to_h
drop_severe_scale_tail,exploratory,fitted_to_target_scale_ratio<=25.0,tdc_bank_only_qoq,6,329.4996246418004,107.89383613160565,118.0277058238533,540.9715434597474,61,sample_sensitivity,tdc_residual_z,rolling_oos_standard_deviation,cumulative_sum_h0_to_h
drop_severe_scale_tail,exploratory,fitted_to_target_scale_ratio<=25.0,tdc_bank_only_qoq,7,322.98872701699116,118.46378760043979,90.7997033201292,555.1777507138531,60,sample_sensitivity,tdc_residual_z,rolling_oos_standard_deviation,cumulative_sum_h0_to_h
drop_severe_scale_tail,exploratory,fitted_to_target_scale_ratio<=25.0,tdc_bank_only_qoq,8,361.6593043589507,118.07212341467869,130.23794246618047,593.0806662517209,59,sample_sensitivity,tdc_residual_z,rolling_oos_standard_deviation,cumulative_sum_h0_to_h
drop_severe_scale_tail,exploratory,fitted_to_target_scale_ratio<=25.0,total_deposits_bank_qoq,0,49.37404807584032,22.558825549596023,5.158749998632118,93.58934615304852,67,sample_sensitivity,tdc_residual_z,rolling_oos_standard_deviation,cumulative_sum_h0_to_h
drop_severe_scale_tail,exploratory,fitted_to_target_scale_ratio<=25.0,total_deposits_bank_qoq,1,88.27296106898226,55.049575126320505,-19.62420617860593,196.17012831657044,66,sample_sensitivity,tdc_residual_z,rolling_oos_standard_deviation,cumulative_sum_h0_to_h
drop_severe_scale_tail,exploratory,fitted_to_target_scale_ratio<=25.0,total_deposits_bank_qoq,2,103.331891822774,65.94183551570156,-25.914105788001052,232.57788943354905,65,sample_sensitivity,tdc_residual_z,rolling_oos_standard_deviation,cumulative_sum_h0_to_h
drop_severe_scale_tail,exploratory,fitted_to_target_scale_ratio<=25.0,total_deposits_bank_qoq,3,129.2320291795463,77.07894074484845,-21.842694680356686,280.3067530394493,64,sample_sensitivity,tdc_residual_z,rolling_oos_standard_deviation,cumulative_sum_h0_to_h
drop_severe_scale_tail,exploratory,fitted_to_target_scale_ratio<=25.0,total_deposits_bank_qoq,4,148.52652131152806,97.45958827309953,-42.49427170374702,339.54731432680313,63,sample_sensitivity,tdc_residual_z,rolling_oos_standard_deviation,cumulative_sum_h0_to_h
drop_severe_scale_tail,exploratory,fitted_to_target_scale_ratio<=25.0,total_deposits_bank_qoq,5,116.32647944468053,106.52090992938614,-92.4545040169163,325.10746290627736,62,sample_sensitivity,tdc_residual_z,rolling_oos_standard_deviation,cumulative_sum_h0_to_h
drop_severe_scale_tail,exploratory,fitted_to_target_scale_ratio<=25.0,total_deposits_bank_qoq,6,83.25436143937695,114.11388505259215,-140.4088532637037,306.91757614245756,61,sample_sensitivity,tdc_residual_z,rolling_oos_standard_deviation,cumulative_sum_h0_to_h
drop_severe_scale_tail,exploratory,fitted_to_target_scale_ratio<=25.0,total_deposits_bank_qoq,7,86.09368175392903,122.26694732816517,-153.54953500927468,325.7368985171328,60,sample_sensitivity,tdc_residual_z,rolling_oos_standard_deviation,cumulative_sum_h0_to_h
drop_severe_scale_tail,exploratory,fitted_to_target_scale_ratio<=25.0,total_deposits_bank_qoq,8,89.44886757525684,128.09779638624505,-161.62281334178346,340.5205484922971,59,sample_sensitivity,tdc_residual_z,rolling_oos_standard_deviation,cumulative_sum_h0_to_h
drop_severe_scale_tail,exploratory,fitted_to_target_scale_ratio<=25.0,other_component_qoq,0,-79.04528256862038,21.0588681354342,-120.3206641140714,-37.769901023169346,67,sample_sensitivity,tdc_residual_z,rolling_oos_standard_deviation,cumulative_sum_h0_to_h
drop_severe_scale_tail,exploratory,fitted_to_target_scale_ratio<=25.0,other_component_qoq,1,-90.29798615739982,50.07999718091836,-188.45478063199982,7.858808317200172,66,sample_sensitivity,tdc_residual_z,rolling_oos_standard_deviation,cumulative_sum_h0_to_h
drop_severe_scale_tail,exploratory,fitted_to_target_scale_ratio<=25.0,other_component_qoq,2,-123.75886287067794,57.58261610585118,-236.62079043814626,-10.89693530320963,65,sample_sensitivity,tdc_residual_z,rolling_oos_standard_deviation,cumulative_sum_h0_to_h
drop_severe_scale_tail,exploratory,fitted_to_target_scale_ratio<=25.0,other_component_qoq,3,-73.58879482715275,56.60557855182162,-184.53572878872313,37.35813913441763,64,sample_sensitivity,tdc_residual_z,rolling_oos_standard_deviation,cumulative_sum_h0_to_h
drop_severe_scale_tail,exploratory,fitted_to_target_scale_ratio<=25.0,other_component_qoq,4,-90.3933310631226,51.315618844604316,-190.97194399854706,10.185281872301857,63,sample_sensitivity,tdc_residual_z,rolling_oos_standard_deviation,cumulative_sum_h0_to_h
drop_severe_scale_tail,exploratory,fitted_to_target_scale_ratio<=25.0,other_component_qoq,5,-119.68779339351872,46.57478132754649,-210.9743647955098,-28.401221991527606,62,sample_sensitivity,tdc_residual_z,rolling_oos_standard_deviation,cumulative_sum_h0_to_h
drop_severe_scale_tail,exploratory,fitted_to_target_scale_ratio<=25.0,other_component_qoq,6,-204.56514741273537,48.0921762900441,-298.8258129412218,-110.30448188424893,61,sample_sensitivity,tdc_residual_z,rolling_oos_standard_deviation,cumulative_sum_h0_to_h
drop_severe_scale_tail,exploratory,fitted_to_target_scale_ratio<=25.0,other_component_qoq,7,-199.8543571223292,54.63276482071263,-306.93457617092594,-92.77413807373243,60,sample_sensitivity,tdc_residual_z,rolling_oos_standard_deviation,cumulative_sum_h0_to_h
drop_severe_scale_tail,exploratory,fitted_to_target_scale_ratio<=25.0,other_component_qoq,8,-233.06401599244242,60.204512495792216,-351.06486048419515,-115.06317150068968,59,sample_sensitivity,tdc_residual_z,rolling_oos_standard_deviation,cumulative_sum_h0_to_h
drop_severe_scale_tail,exploratory,fitted_to_target_scale_ratio<=25.0,bank_credit_private_qoq,0,16.055603365654555,13.727411302009216,-10.850122786283507,42.96132951759262,63,sample_sensitivity,tdc_residual_z,rolling_oos_standard_deviation,cumulative_sum_h0_to_h
drop_severe_scale_tail,exploratory,fitted_to_target_scale_ratio<=25.0,bank_credit_private_qoq,1,24.9687507960273,15.22389653332624,-4.870086409292128,54.80758800134673,62,sample_sensitivity,tdc_residual_z,rolling_oos_standard_deviation,cumulative_sum_h0_to_h
drop_severe_scale_tail,exploratory,fitted_to_target_scale_ratio<=25.0,bank_credit_private_qoq,2,26.087221810699432,13.183778665770472,0.24701562578930947,51.927427995609555,61,sample_sensitivity,tdc_residual_z,rolling_oos_standard_deviation,cumulative_sum_h0_to_h
drop_severe_scale_tail,exploratory,fitted_to_target_scale_ratio<=25.0,bank_credit_private_qoq,3,43.591389254069746,15.18608045005289,13.826671571966084,73.3561069361734,60,sample_sensitivity,tdc_residual_z,rolling_oos_standard_deviation,cumulative_sum_h0_to_h
drop_severe_scale_tail,exploratory,fitted_to_target_scale_ratio<=25.0,bank_credit_private_qoq,4,60.8252289964644,18.001446706255905,25.54239345220283,96.10806454072598,59,sample_sensitivity,tdc_residual_z,rolling_oos_standard_deviation,cumulative_sum_h0_to_h
drop_severe_scale_tail,exploratory,fitted_to_target_scale_ratio<=25.0,bank_credit_private_qoq,5,73.83257265052102,23.477319212942252,27.8170269931542,119.84811830788783,58,sample_sensitivity,tdc_residual_z,rolling_oos_standard_deviation,cumulative_sum_h0_to_h
drop_severe_scale_tail,exploratory,fitted_to_target_scale_ratio<=25.0,bank_credit_private_qoq,6,76.86897196769125,25.21786991954771,27.441946925377742,126.29599701000475,57,sample_sensitivity,tdc_residual_z,rolling_oos_standard_deviation,cumulative_sum_h0_to_h
drop_severe_scale_tail,exploratory,fitted_to_target_scale_ratio<=25.0,bank_credit_private_qoq,7,84.66637954611207,28.688553774784104,28.436814147535223,140.89594494468892,56,sample_sensitivity,tdc_residual_z,rolling_oos_standard_deviation,cumulative_sum_h0_to_h
drop_severe_scale_tail,exploratory,fitted_to_target_scale_ratio<=25.0,bank_credit_private_qoq,8,81.55687145900092,28.594241896509246,25.512157341842794,137.60158557615904,55,sample_sensitivity,tdc_residual_z,rolling_oos_standard_deviation,cumulative_sum_h0_to_h
drop_severe_scale_tail,exploratory,fitted_to_target_scale_ratio<=25.0,cb_nonts_qoq,0,28.772420663949934,15.937546355503383,-2.4651701928366947,60.01001152073656,67,sample_sensitivity,tdc_residual_z,rolling_oos_standard_deviation,cumulative_sum_h0_to_h
drop_severe_scale_tail,exploratory,fitted_to_target_scale_ratio<=25.0,cb_nonts_qoq,1,76.37855699750712,64.0537165569126,-49.16672745404158,201.92384144905583,66,sample_sensitivity,tdc_residual_z,rolling_oos_standard_deviation,cumulative_sum_h0_to_h
drop_severe_scale_tail,exploratory,fitted_to_target_scale_ratio<=25.0,cb_nonts_qoq,2,96.87386894326889,79.05425640442334,-58.072473609400845,251.82021149593862,65,sample_sensitivity,tdc_residual_z,rolling_oos_standard_deviation,cumulative_sum_h0_to_h
drop_severe_scale_tail,exploratory,fitted_to_target_scale_ratio<=25.0,cb_nonts_qoq,3,94.24844646513412,85.27304589722449,-72.88672349342588,261.3836164236941,64,sample_sensitivity,tdc_residual_z,rolling_oos_standard_deviation,cumulative_sum_h0_to_h
drop_severe_scale_tail,exploratory,fitted_to_target_scale_ratio<=25.0,cb_nonts_qoq,4,110.7812226499207,96.61074784884954,-78.5758431338244,300.1382884336658,63,sample_sensitivity,tdc_residual_z,rolling_oos_standard_deviation,cumulative_sum_h0_to_h
drop_severe_scale_tail,exploratory,fitted_to_target_scale_ratio<=25.0,cb_nonts_qoq,5,83.10404914487091,105.80763173601208,-124.27890905771278,290.4870073474546,62,sample_sensitivity,tdc_residual_z,rolling_oos_standard_deviation,cumulative_sum_h0_to_h
drop_severe_scale_tail,exploratory,fitted_to_target_scale_ratio<=25.0,cb_nonts_qoq,6,50.91017157333451,99.57644591860222,-144.25966242712585,246.08000557379486,61,sample_sensitivity,tdc_residual_z,rolling_oos_standard_deviation,cumulative_sum_h0_to_h
drop_severe_scale_tail,exploratory,fitted_to_target_scale_ratio<=25.0,cb_nonts_qoq,7,16.296423272406606,100.52251806979928,-180.7277121444,213.3205586892132,60,sample_sensitivity,tdc_residual_z,rolling_oos_standard_deviation,cumulative_sum_h0_to_h
drop_severe_scale_tail,exploratory,fitted_to_target_scale_ratio<=25.0,cb_nonts_qoq,8,36.21034556039796,99.36215769929142,-158.5394835302132,230.96017465100914,59,sample_sensitivity,tdc_residual_z,rolling_oos_standard_deviation,cumulative_sum_h0_to_h
drop_severe_scale_tail,exploratory,fitted_to_target_scale_ratio<=25.0,foreign_nonts_qoq,0,28.06424784240516,13.90065342766464,0.8189671241824641,55.309528560627854,67,sample_sensitivity,tdc_residual_z,rolling_oos_standard_deviation,cumulative_sum_h0_to_h
drop_severe_scale_tail,exploratory,fitted_to_target_scale_ratio<=25.0,foreign_nonts_qoq,1,23.776604742960217,13.779372577422947,-3.23096550878876,50.78417499470919,66,sample_sensitivity,tdc_residual_z,rolling_oos_standard_deviation,cumulative_sum_h0_to_h
drop_severe_scale_tail,exploratory,fitted_to_target_scale_ratio<=25.0,foreign_nonts_qoq,2,36.0119028753295,11.046488972299622,14.360784489622237,57.66302126103676,65,sample_sensitivity,tdc_residual_z,rolling_oos_standard_deviation,cumulative_sum_h0_to_h
drop_severe_scale_tail,exploratory,fitted_to_target_scale_ratio<=25.0,foreign_nonts_qoq,3,30.246825641146902,10.867406184715009,8.946709519105486,51.546941763188315,64,sample_sensitivity,tdc_residual_z,rolling_oos_standard_deviation,cumulative_sum_h0_to_h
drop_severe_scale_tail,exploratory,fitted_to_target_scale_ratio<=25.0,foreign_nonts_qoq,4,34.313558125360075,10.86434170494051,13.019448383676675,55.607667867043475,63,sample_sensitivity,tdc_residual_z,rolling_oos_standard_deviation,cumulative_sum_h0_to_h
drop_severe_scale_tail,exploratory,fitted_to_target_scale_ratio<=25.0,foreign_nonts_qoq,5,25.943809900332695,11.69550564763599,3.020618830966157,48.867000969699234,62,sample_sensitivity,tdc_residual_z,rolling_oos_standard_deviation,cumulative_sum_h0_to_h
drop_severe_scale_tail,exploratory,fitted_to_target_scale_ratio<=25.0,foreign_nonts_qoq,6,28.708040775146266,11.382749651947691,6.397851457328791,51.01823009296374,61,sample_sensitivity,tdc_residual_z,rolling_oos_standard_deviation,cumulative_sum_h0_to_h
drop_severe_scale_tail,exploratory,fitted_to_target_scale_ratio<=25.0,foreign_nonts_qoq,7,22.203857153896653,11.668360477107582,-0.6661293812342066,45.07384368902751,60,sample_sensitivity,tdc_residual_z,rolling_oos_standard_deviation,cumulative_sum_h0_to_h
drop_severe_scale_tail,exploratory,fitted_to_target_scale_ratio<=25.0,foreign_nonts_qoq,8,31.88636910537995,13.49847789815926,5.429352424987798,58.3433857857721,59,sample_sensitivity,tdc_residual_z,rolling_oos_standard_deviation,cumulative_sum_h0_to_h
drop_severe_scale_tail,exploratory,fitted_to_target_scale_ratio<=25.0,domestic_nonfinancial_mmf_reallocation_qoq,0,-18.092215086671214,11.445171111338333,-40.524750464894346,4.340320291551919,67,sample_sensitivity,tdc_residual_z,rolling_oos_standard_deviation,cumulative_sum_h0_to_h
drop_severe_scale_tail,exploratory,fitted_to_target_scale_ratio<=25.0,domestic_nonfinancial_mmf_reallocation_qoq,1,-30.205207570686625,18.6571599226526,-66.77324101908572,6.362825877712467,66,sample_sensitivity,tdc_residual_z,rolling_oos_standard_deviation,cumulative_sum_h0_to_h
drop_severe_scale_tail,exploratory,fitted_to_target_scale_ratio<=25.0,domestic_nonfinancial_mmf_reallocation_qoq,2,-13.232409408764017,16.69521586864682,-45.955032511311785,19.490213693783748,65,sample_sensitivity,tdc_residual_z,rolling_oos_standard_deviation,cumulative_sum_h0_to_h
drop_severe_scale_tail,exploratory,fitted_to_target_scale_ratio<=25.0,domestic_nonfinancial_mmf_reallocation_qoq,3,-18.827413771782965,11.641161525076754,-41.644090360933404,3.9892628173674716,64,sample_sensitivity,tdc_residual_z,rolling_oos_standard_deviation,cumulative_sum_h0_to_h
drop_severe_scale_tail,exploratory,fitted_to_target_scale_ratio<=25.0,domestic_nonfinancial_mmf_reallocation_qoq,4,-9.992673654069733,14.345480306486778,-38.109815054783816,18.12446774664435,63,sample_sensitivity,tdc_residual_z,rolling_oos_standard_deviation,cumulative_sum_h0_to_h
drop_severe_scale_tail,exploratory,fitted_to_target_scale_ratio<=25.0,domestic_nonfinancial_mmf_reallocation_qoq,5,1.9389248465658966,14.315335723770945,-26.119133172025155,29.996982865156948,62,sample_sensitivity,tdc_residual_z,rolling_oos_standard_deviation,cumulative_sum_h0_to_h
drop_severe_scale_tail,exploratory,fitted_to_target_scale_ratio<=25.0,domestic_nonfinancial_mmf_reallocation_qoq,6,9.603597449869852,13.713805185275694,-17.27546071327051,36.48265561301021,61,sample_sensitivity,tdc_residual_z,rolling_oos_standard_deviation,cumulative_sum_h0_to_h
drop_severe_scale_tail,exploratory,fitted_to_target_scale_ratio<=25.0,domestic_nonfinancial_mmf_reallocation_qoq,7,-10.76165780702027,15.390203022869512,-40.92645573184451,19.40314011780397,60,sample_sensitivity,tdc_residual_z,rolling_oos_standard_deviation,cumulative_sum_h0_to_h
drop_severe_scale_tail,exploratory,fitted_to_target_scale_ratio<=25.0,domestic_nonfinancial_mmf_reallocation_qoq,8,-30.81736232074158,22.610922080189905,-75.13476959791379,13.500044956430635,59,sample_sensitivity,tdc_residual_z,rolling_oos_standard_deviation,cumulative_sum_h0_to_h
drop_severe_scale_tail,exploratory,fitted_to_target_scale_ratio<=25.0,domestic_nonfinancial_repo_reallocation_qoq,0,0.0037115206276949753,0.7682176656637705,-1.501995104073295,1.509418145328685,67,sample_sensitivity,tdc_residual_z,rolling_oos_standard_deviation,cumulative_sum_h0_to_h
drop_severe_scale_tail,exploratory,fitted_to_target_scale_ratio<=25.0,domestic_nonfinancial_repo_reallocation_qoq,1,-0.7608362673080539,1.1335754351877179,-2.982644120275981,1.4609715856598733,66,sample_sensitivity,tdc_residual_z,rolling_oos_standard_deviation,cumulative_sum_h0_to_h
drop_severe_scale_tail,exploratory,fitted_to_target_scale_ratio<=25.0,domestic_nonfinancial_repo_reallocation_qoq,2,-0.8303832791811103,1.3524638732282501,-3.4812124707084804,1.82044591234626,65,sample_sensitivity,tdc_residual_z,rolling_oos_standard_deviation,cumulative_sum_h0_to_h
drop_severe_scale_tail,exploratory,fitted_to_target_scale_ratio<=25.0,domestic_nonfinancial_repo_reallocation_qoq,3,-1.0572212387933972,1.3778385444584724,-3.757784785932003,1.6433423083452086,64,sample_sensitivity,tdc_residual_z,rolling_oos_standard_deviation,cumulative_sum_h0_to_h
drop_severe_scale_tail,exploratory,fitted_to_target_scale_ratio<=25.0,domestic_nonfinancial_repo_reallocation_qoq,4,-0.5042523241642443,1.2426309345508115,-2.9398089558838345,1.9313043075553462,63,sample_sensitivity,tdc_residual_z,rolling_oos_standard_deviation,cumulative_sum_h0_to_h
drop_severe_scale_tail,exploratory,fitted_to_target_scale_ratio<=25.0,domestic_nonfinancial_repo_reallocation_qoq,5,-0.5087998188370448,1.8774615780299058,-4.18862451177566,3.1710248741015707,62,sample_sensitivity,tdc_residual_z,rolling_oos_standard_deviation,cumulative_sum_h0_to_h
drop_severe_scale_tail,exploratory,fitted_to_target_scale_ratio<=25.0,domestic_nonfinancial_repo_reallocation_qoq,6,-0.8744607659184305,1.8775303356445323,-4.5544202237817135,2.8054986919448526,61,sample_sensitivity,tdc_residual_z,rolling_oos_standard_deviation,cumulative_sum_h0_to_h
drop_severe_scale_tail,exploratory,fitted_to_target_scale_ratio<=25.0,domestic_nonfinancial_repo_reallocation_qoq,7,-1.4039929526776203,1.9078655130508322,-5.1434093582572515,2.3354234529020106,60,sample_sensitivity,tdc_residual_z,rolling_oos_standard_deviation,cumulative_sum_h0_to_h
drop_severe_scale_tail,exploratory,fitted_to_target_scale_ratio<=25.0,domestic_nonfinancial_repo_reallocation_qoq,8,-2.0727963394016826,1.6496295381050639,-5.306070234087608,1.1604775552842423,59,sample_sensitivity,tdc_residual_z,rolling_oos_standard_deviation,cumulative_sum_h0_to_h
